song,artist,popularity,duration_ms,album_type,total_tracks,release_date,is_explicit,album_cover_url,track_id,album_id,release_date_precision,preview_url,external_url,is_playable,available_markets,disc_number,track_number,href,uri,external_ids,linked_from,restrictions
Milagrosa Tiktok,scuboom,0,137522,single,1,2/9/2010,True,https://i.scdn.co/image/ab67616d0000b273ac6aa3a6e8eb053fed123ef4,,,,,,,,,,,,,,
Seven (feat. Latto) (Explicit Ver.),Jung Kook & Latto & BTS,91,184400,single,3,7/14/2023,True,https://i.scdn.co/image/ab67616d0000b273bf5cce5a0e1ed03a626bdd74,2HRgqmZQC0MC7GeNuDIXHN,5pSk3c3wVwnb2arb6ohCPU,2023-11-03,,https://open.spotify.com/track/2HRgqmZQC0MC7GeNuDIXHN,,"AR,AU,AT,BE,BO,BR,BG,CA,CL,CO,CR,CY,CZ,DK,DO,DE,EC,EE,SV,FI,FR,GR,GT,HN,HK,HU,IS,IE,IT,LV,LT,LU,MY,MT,MX,NL,NZ,NI,NO,PA,PY,PE,PH,PL,PT,SG,SK,ES,SE,CH,TW,TR,UY,US,GB,AD,LI,MC,ID,JP,TH,VN,RO,IL,ZA,SA,AE,BH,QA,OM,KW,EG,MA,DZ,TN,LB,JO,PS,IN,BY,KZ,MD,UA,AL,BA,HR,ME,MK,RS,SI,KR,BD,PK,LK,GH,KE,NG,TZ,UG,AG,AM,BS,BB,BZ,BT,BW,BF,CV,CW,DM,FJ,GM,GE,GD,GW,GY,HT,JM,KI,LS,LR,MW,MV,ML,MH,FM,NA,NR,NE,PW,PG,PR,WS,SM,ST,SN,SC,SL,SB,KN,LC,VC,SR,TL,TO,TT,TV,VU,AZ,BN,BI,KH,CM,TD,KM,GQ,SZ,GA,GN,KG,LA,MO,MR,MN,NP,RW,TG,UZ,ZW,BJ,MG,MU,MZ,AO,CI,DJ,ZM,CD,CG,IQ,LY,TJ,VE,ET,XK",1.0,3.0,https://api.spotify.com/v1/tracks/2HRgqmZQC0MC7GeNuDIXHN,spotify:track:2HRgqmZQC0MC7GeNuDIXHN,{'isrc': 'USA2P2330093'},None,None
CabaÃ±a,El Jordan 23 & Ugly Duck,81,178836,single,1,6/24/2023,True,https://i.scdn.co/image/ab67616d0000b2731ead0833844d8f215d730604,2q7vxGxC4IwqAyGYuEMGNk,2G9eduvgEhkTVlFl3byuHk,2025-01-30,,https://open.spotify.com/track/2q7vxGxC4IwqAyGYuEMGNk,,"AR,AU,AT,BE,BO,BR,BG,CA,CL,CO,CR,CY,CZ,DK,DO,DE,EC,EE,SV,FI,FR,GR,GT,HN,HK,HU,IS,IE,IT,LV,LT,LU,MY,MT,MX,NL,NZ,NI,NO,PA,PY,PE,PH,PL,PT,SG,SK,ES,SE,CH,TW,TR,UY,US,GB,AD,LI,MC,ID,JP,TH,VN,RO,IL,ZA,SA,AE,BH,QA,OM,KW,EG,MA,DZ,TN,LB,JO,PS,IN,BY,KZ,MD,UA,AL,BA,HR,ME,MK,RS,SI,KR,BD,PK,LK,GH,KE,NG,TZ,UG,AG,AM,BS,BB,BZ,BT,BW,BF,CV,CW,DM,FJ,GM,GE,GD,GW,GY,HT,JM,KI,LS,LR,MW,MV,ML,MH,FM,NA,NR,NE,PW,PG,PR,WS,SM,ST,SN,SC,SL,SB,KN,LC,VC,SR,TL,TO,TT,TV,VU,AZ,BN,BI,KH,CM,TD,KM,GQ,SZ,GA,GN,KG,LA,MO,MR,MN,NP,RW,TG,UZ,ZW,BJ,MG,MU,MZ,AO,CI,DJ,ZM,CD,CG,IQ,LY,TJ,VE,ET,XK",1.0,7.0,https://api.spotify.com/v1/tracks/2q7vxGxC4IwqAyGYuEMGNk,spotify:track:2q7vxGxC4IwqAyGYuEMGNk,{'isrc': 'ARF062200530'},None,None
Gata Only (Mashup),Dj Agus Lima,0,215400,album,9,5/6/2024,False,https://i.scdn.co/image/ab67616d0000b273068b0fa042dbfc8a9cbdfccd,0Y9lZqbnZIQGmodV1gDjaB,4WaGfYBdC2c3V0vmP2sa5w,2025-03-21,,https://open.spotify.com/track/0Y9lZqbnZIQGmodV1gDjaB,,"AR,AU,AT,BE,BO,BR,BG,CA,CL,CO,CR,CY,CZ,DK,DO,DE,EC,EE,SV,FI,FR,GR,GT,HN,HK,HU,IS,IE,IT,LV,LT,LU,MY,MT,MX,NL,NZ,NI,NO,PA,PY,PE,PH,PL,PT,SG,SK,ES,SE,CH,TW,TR,UY,US,GB,AD,LI,MC,ID,JP,TH,VN,RO,IL,ZA,SA,AE,BH,QA,OM,KW,EG,MA,DZ,TN,LB,JO,PS,IN,BY,KZ,MD,UA,AL,BA,HR,ME,MK,RS,SI,KR,BD,PK,LK,GH,KE,NG,TZ,UG,AG,AM,BS,BB,BZ,BT,BW,BF,CV,CW,DM,FJ,GM,GE,GD,GW,GY,HT,JM,KI,LS,LR,MW,MV,ML,MH,FM,NA,NR,NE,PW,PG,PR,WS,SM,ST,SN,SC,SL,SB,KN,LC,VC,SR,TL,TO,TT,TV,VU,AZ,BN,BI,KH,CM,TD,KM,GQ,SZ,GA,GN,KG,LA,MO,MR,MN,NP,RW,TG,UZ,ZW,BJ,MG,MU,MZ,AO,CI,DJ,ZM,CD,CG,IQ,LY,TJ,VE,ET,XK",1.0,1.0,https://api.spotify.com/v1/tracks/0Y9lZqbnZIQGmodV1gDjaB,spotify:track:0Y9lZqbnZIQGmodV1gDjaB,{'isrc': 'GX8LE2555345'},None,None
Terapia de Choque (Mashup),Dj Agus Lima,0,163235,album,16,8/6/2024,False,https://i.scdn.co/image/ab67616d0000b273220822197e3d3d06bf092f19,,,,,,,,,,,,,,
San Turrona (Mashup),Dj Agus Lima,0,126652,album,16,8/6/2024,False,https://i.scdn.co/image/ab67616d0000b273220822197e3d3d06bf092f19,,,,,,,,,,,,,,
Es Un Secreto,Various Artists,71,192053,compilation,19,6/20/2011,False,https://i.scdn.co/image/ab67616d0000b273176fa44752a713d620892604,3KZCP2StVGdWkOKyRZNWA4,4s9iYsrtBIvkZn5AEbUbl0,2010-07-20,,https://open.spotify.com/track/3KZCP2StVGdWkOKyRZNWA4,,"AR,AU,AT,BE,BO,BR,BG,CA,CL,CR,CY,CZ,DK,DE,EC,EE,SV,FI,FR,GR,GT,HN,HK,HU,IS,IE,IT,LV,LT,LU,MY,MT,MX,NL,NZ,NI,NO,PA,PY,PH,PL,PT,SG,SK,ES,SE,CH,TW,TR,UY,GB,AD,LI,MC,ID,JP,TH,VN,RO,IL,ZA,SA,AE,BH,QA,OM,KW,EG,MA,DZ,TN,LB,JO,PS,IN,KZ,MD,UA,AL,BA,HR,ME,MK,SI,KR,BD,PK,LK,GH,KE,NG,TZ,UG,AG,AM,BS,BB,BZ,BT,BW,BF,CV,CW,DM,FJ,GM,GE,GD,GW,GY,HT,JM,KI,LS,LR,MW,MV,ML,MH,FM,NA,NR,NE,PW,PG,WS,SM,ST,SN,SC,SL,SB,KN,LC,VC,SR,TL,TO,TT,TV,VU,AZ,BN,KH,CM,TD,KM,GQ,SZ,GA,GN,KG,LA,MO,MR,MN,NP,RW,TG,UZ,BJ,MG,MU,MZ,AO,CI,DJ,ZM,CG,TJ,VE,ET",1.0,6.0,https://api.spotify.com/v1/tracks/3KZCP2StVGdWkOKyRZNWA4,spotify:track:3KZCP2StVGdWkOKyRZNWA4,{'isrc': 'USB271010155'},None,None
Como Eran Las Cosas,Various Artists,41,242520,compilation,25,6/26/2020,False,https://i.scdn.co/image/ab67616d0000b2730b523723cfc02b8065b63abb,61qPUnazSdkvua4wgA4L8C,0DUCdIMPrlfPFPPKsNyzx3,2008-01-01,,https://open.spotify.com/track/61qPUnazSdkvua4wgA4L8C,,"AR,AU,AT,BE,BO,BR,BG,CA,CL,CO,CR,CY,CZ,DK,DO,DE,EC,EE,SV,FI,FR,GR,GT,HN,HK,HU,IS,IE,IT,LV,LT,LU,MY,MT,MX,NL,NZ,NI,NO,PA,PY,PE,PH,PL,PT,SG,SK,ES,SE,CH,TW,TR,UY,US,GB,AD,LI,MC,ID,JP,TH,VN,RO,IL,ZA,SA,AE,BH,QA,OM,KW,EG,MA,DZ,TN,LB,JO,PS,IN,KZ,MD,UA,AL,BA,HR,ME,MK,RS,SI,KR,BD,PK,LK,GH,KE,NG,TZ,UG,AG,AM,BS,BB,BZ,BT,BW,BF,CV,CW,DM,FJ,GM,GE,GD,GW,GY,HT,JM,KI,LS,LR,MW,MV,ML,MH,FM,NA,NR,NE,PW,PG,WS,SM,ST,SN,SC,SL,SB,KN,LC,VC,SR,TL,TO,TT,TV,VU,AZ,BN,BI,KH,CM,TD,KM,GQ,SZ,GA,GN,KG,LA,MO,MR,MN,NP,RW,TG,UZ,ZW,BJ,MG,MU,MZ,AO,CI,DJ,ZM,CD,CG,IQ,LY,TJ,VE,ET,XK",1.0,5.0,https://api.spotify.com/v1/tracks/61qPUnazSdkvua4wgA4L8C,spotify:track:61qPUnazSdkvua4wgA4L8C,{'isrc': 'ARUM70800269'},None,None
La League,Werenoi,71,179572,single,1,3/3/2021,True,https://i.scdn.co/image/ab67616d0000b273530417284071d70ff30d43d9,3qrTll9OQ9wcejTxPFY0qg,4aE8ZrEif8MgWvFNIbz8I6,2024-11-22,,https://open.spotify.com/track/3qrTll9OQ9wcejTxPFY0qg,,"AR,AU,AT,BE,BO,BR,BG,CA,CL,CO,CR,CY,CZ,DK,DO,DE,EC,EE,SV,FI,FR,GR,GT,HN,HK,HU,IS,IE,IT,LV,LT,LU,MY,MT,MX,NL,NZ,NI,NO,PA,PY,PE,PH,PL,PT,SG,SK,ES,SE,CH,TW,TR,UY,US,GB,AD,LI,MC,ID,JP,TH,VN,RO,IL,ZA,SA,AE,BH,QA,OM,KW,EG,MA,DZ,TN,LB,JO,PS,IN,BY,KZ,MD,UA,AL,BA,HR,ME,MK,RS,SI,KR,BD,PK,LK,GH,KE,NG,TZ,UG,AG,AM,BS,BB,BZ,BT,BW,BF,CV,CW,DM,FJ,GM,GE,GD,GW,GY,HT,JM,KI,LS,LR,MW,MV,ML,MH,FM,NA,NR,NE,PW,PG,PR,WS,SM,ST,SN,SC,SL,SB,KN,LC,VC,SR,TL,TO,TT,TV,VU,AZ,BN,BI,KH,CM,TD,KM,GQ,SZ,GA,GN,KG,LA,MO,MR,MN,NP,RW,TG,UZ,ZW,BJ,MG,MU,MZ,AO,CI,DJ,ZM,CD,CG,IQ,LY,TJ,VE,ET,XK",1.0,1.0,https://api.spotify.com/v1/tracks/3qrTll9OQ9wcejTxPFY0qg,spotify:track:3qrTll9OQ9wcejTxPFY0qg,{'isrc': 'USA2P2459604'},None,None
TP,Sadek,52,178266,album,20,6/16/2023,True,https://i.scdn.co/image/ab67616d0000b2737ead397c5b37e15ce28d8b2c,0SCHvh0ZqVd2Wcq2l4kzai,1oHK6dDixDIjnMB03DIeZM,2024-11-01,,https://open.spotify.com/track/0SCHvh0ZqVd2Wcq2l4kzai,,"AR,AU,AT,BE,BO,BR,BG,CA,CL,CO,CR,CY,CZ,DK,DO,DE,EC,EE,SV,FI,FR,GR,GT,HN,HK,HU,IS,IE,IT,LV,LT,LU,MY,MT,MX,NL,NZ,NI,NO,PA,PY,PE,PH,PL,PT,SG,SK,ES,SE,CH,TW,TR,UY,US,GB,AD,LI,MC,ID,TH,VN,RO,IL,ZA,SA,AE,BH,QA,OM,KW,EG,MA,DZ,TN,LB,JO,PS,IN,BY,KZ,MD,UA,AL,BA,HR,ME,MK,RS,SI,KR,BD,PK,LK,GH,KE,NG,TZ,UG,AG,AM,BS,BB,BZ,BT,BW,BF,CV,CW,DM,FJ,GM,GE,GD,GW,GY,HT,JM,KI,LS,LR,MW,MV,ML,MH,FM,NA,NR,NE,PW,PG,PR,WS,SM,ST,SN,SC,SL,SB,KN,LC,VC,SR,TL,TO,TT,TV,VU,AZ,BN,BI,KH,CM,TD,KM,GQ,SZ,GA,GN,KG,LA,MO,MR,MN,NP,RW,TG,UZ,ZW,BJ,MG,MU,MZ,AO,CI,DJ,ZM,CD,CG,IQ,LY,TJ,VE,ET,XK",1.0,2.0,https://api.spotify.com/v1/tracks/0SCHvh0ZqVd2Wcq2l4kzai,spotify:track:0SCHvh0ZqVd2Wcq2l4kzai,{'isrc': 'KRA492401024'},None,None
CODE BARRE,Lacrim,51,241480,single,4,11/8/2023,True,https://i.scdn.co/image/ab67616d0000b273a86e368f7abaccd7310c7a9b,79cEwjR3DqqgHgMN3XIt3c,0fgoMNUDg7V2IdXo9kmt6Q,2021-03-14,,https://open.spotify.com/track/79cEwjR3DqqgHgMN3XIt3c,,"AR,AU,AT,BE,BO,BR,BG,CA,CL,CO,CR,CY,CZ,DK,DO,DE,EC,EE,SV,FI,FR,GR,GT,HN,HK,HU,IS,IE,IT,LV,LT,LU,MY,MT,MX,NL,NZ,NI,NO,PA,PY,PE,PH,PL,PT,SG,SK,ES,SE,CH,TW,TR,UY,US,GB,AD,LI,MC,ID,JP,TH,VN,RO,IL,ZA,SA,AE,BH,QA,OM,KW,EG,MA,DZ,TN,LB,JO,PS,IN,BY,KZ,MD,UA,AL,BA,HR,ME,MK,RS,SI,KR,BD,PK,LK,GH,KE,NG,TZ,UG,AG,AM,BS,BB,BZ,BT,BW,BF,CV,CW,DM,FJ,GM,GE,GD,GW,GY,HT,JM,KI,LS,LR,MW,MV,ML,MH,FM,NA,NR,NE,PW,PG,PR,WS,SM,ST,SN,SC,SL,SB,KN,LC,VC,SR,TL,TO,TT,TV,VU,AZ,BN,BI,KH,CM,TD,KM,GQ,SZ,GA,GN,KG,LA,MO,MR,MN,NP,RW,TG,UZ,ZW,BJ,MG,MU,MZ,AO,CI,DJ,ZM,CD,CG,IQ,LY,TJ,VE,ET,XK",1.0,1.0,https://api.spotify.com/v1/tracks/79cEwjR3DqqgHgMN3XIt3c,spotify:track:79cEwjR3DqqgHgMN3XIt3c,{'isrc': 'TCAFL2144247'},None,None
100K,Gazo & Tiakola,0,116906,album,12,12/1/2023,True,https://i.scdn.co/image/ab67616d0000b27322c15b8de09be541d9e7024e,36gPkgppkjiAim7a2KKAyb,6AABPwbP2GjlRBl9HVIQID,2025-02-27,,https://open.spotify.com/track/36gPkgppkjiAim7a2KKAyb,,"AR,AU,AT,BE,BO,BR,BG,CA,CL,CO,CR,CY,CZ,DK,DO,DE,EC,EE,SV,FI,FR,GR,GT,HN,HK,HU,IS,IE,IT,LV,LT,LU,MY,MT,MX,NL,NZ,NI,NO,PA,PY,PE,PH,PL,PT,SG,SK,ES,SE,CH,TW,TR,UY,US,GB,AD,LI,MC,ID,JP,TH,VN,RO,IL,ZA,SA,AE,BH,QA,OM,KW,EG,MA,DZ,TN,LB,JO,PS,IN,BY,KZ,MD,UA,AL,BA,HR,ME,MK,RS,SI,KR,BD,PK,LK,GH,KE,NG,TZ,UG,AG,AM,BS,BB,BZ,BT,BW,BF,CV,CW,DM,FJ,GM,GE,GD,GW,GY,HT,JM,KI,LS,LR,MW,MV,ML,MH,FM,NA,NR,NE,PW,PG,PR,WS,SM,ST,SN,SC,SL,SB,KN,LC,VC,SR,TL,TO,TT,TV,VU,AZ,BN,BI,KH,CM,TD,KM,GQ,SZ,GA,GN,KG,LA,MO,MR,MN,NP,RW,TG,UZ,ZW,BJ,MG,MU,MZ,AO,CI,DJ,ZM,CD,CG,IQ,LY,TJ,VE,ET,XK",1.0,7.0,https://api.spotify.com/v1/tracks/36gPkgppkjiAim7a2KKAyb,spotify:track:36gPkgppkjiAim7a2KKAyb,{'isrc': 'GX8LE2557709'},None,None
200K,Gazo & Tiakola,0,148226,album,12,12/1/2023,True,https://i.scdn.co/image/ab67616d0000b27325bacb8e2bde31bdfe0ff0d3,4WPMwSCIAiykQJNZzEVi8B,1TiWFnZwyZ152viq7v9C31,2025-04-11,,https://open.spotify.com/track/4WPMwSCIAiykQJNZzEVi8B,,"AR,AU,AT,BE,BO,BR,BG,CA,CL,CO,CR,CY,CZ,DK,DO,DE,EC,EE,SV,FI,FR,GR,GT,HN,HK,HU,IS,IE,IT,LV,LT,LU,MY,MT,MX,NL,NZ,NI,NO,PA,PY,PE,PH,PL,PT,SG,SK,ES,SE,CH,TW,TR,UY,US,GB,AD,LI,MC,ID,JP,TH,VN,RO,IL,ZA,SA,AE,BH,QA,OM,KW,EG,MA,DZ,TN,LB,JO,PS,IN,KZ,MD,UA,AL,BA,HR,ME,MK,RS,SI,KR,BD,PK,LK,GH,KE,NG,TZ,UG,AG,AM,BS,BB,BZ,BT,BW,BF,CV,CW,DM,FJ,GM,GE,GD,GW,GY,HT,JM,KI,LS,LR,MW,MV,ML,MH,FM,NA,NR,NE,PW,PG,WS,SM,ST,SN,SC,SL,SB,KN,LC,VC,SR,TL,TO,TT,TV,VU,AZ,BN,BI,KH,CM,TD,KM,GQ,SZ,GA,GN,KG,LA,MO,MR,MN,NP,RW,TG,UZ,ZW,BJ,MG,MU,MZ,AO,CI,DJ,ZM,CD,CG,IQ,LY,TJ,VE,ET,XK",1.0,11.0,https://api.spotify.com/v1/tracks/4WPMwSCIAiykQJNZzEVi8B,spotify:track:4WPMwSCIAiykQJNZzEVi8B,{'isrc': 'USUM72501881'},None,None
Battitsu,Jul,56,150480,album,23,12/8/2023,True,https://i.scdn.co/image/ab67616d0000b2734967a6d7e47e5da99c4c2400,,,,,,,,,,,,,,
Partenaire Particulier,Partenaire Particulier,65,246440,album,16,3/6/2009,False,https://i.scdn.co/image/ab67616d0000b273bd656516296878641c69a7d3,0S4dVpqBLnBFj4wdB4UDMd,4cQIJjzFnwSFIQjz3MFkol,2009-03-06,,https://open.spotify.com/track/0S4dVpqBLnBFj4wdB4UDMd,,"AR,AU,AT,BE,BO,BR,BG,CA,CL,CO,CR,CY,CZ,DK,DO,DE,EC,EE,SV,FI,FR,GR,GT,HN,HK,HU,IS,IE,IT,LV,LT,LU,MY,MT,MX,NL,NZ,NI,NO,PA,PY,PE,PH,PL,PT,SG,SK,ES,SE,CH,TW,TR,UY,US,GB,AD,LI,MC,ID,JP,TH,VN,RO,IL,ZA,SA,AE,BH,QA,OM,KW,EG,MA,DZ,TN,LB,JO,PS,IN,BY,KZ,MD,UA,AL,BA,HR,ME,MK,RS,SI,KR,BD,PK,LK,GH,KE,NG,TZ,UG,AG,AM,BS,BB,BZ,BT,BW,BF,CV,CW,DM,FJ,GM,GE,GD,GW,GY,HT,JM,KI,LS,LR,MW,MV,ML,MH,FM,NA,NR,NE,PW,PG,PR,WS,SM,ST,SN,SC,SL,SB,KN,LC,VC,SR,TL,TO,TT,TV,VU,AZ,BN,BI,KH,CM,TD,KM,GQ,SZ,GA,GN,KG,LA,MO,MR,MN,NP,RW,TG,UZ,ZW,BJ,MG,MU,MZ,AO,CI,DJ,ZM,CD,CG,IQ,LY,TJ,VE,ET,XK",1.0,4.0,https://api.spotify.com/v1/tracks/0S4dVpqBLnBFj4wdB4UDMd,spotify:track:0S4dVpqBLnBFj4wdB4UDMd,{'isrc': 'FRZ788500001'},None,None
Temps en temps (feat. Kore),Zola & Koba LaD,57,153649,single,1,1/12/2024,True,https://i.scdn.co/image/ab67616d0000b273a5201e1e64322852b03e2c43,,,,,,,,,,,,,,
Daylight,BERKO CHAMP & LEXMENDY & citosxd,0,211301,single,1,1999,True,https://i.scdn.co/image/ab67616d0000b273bf4898b940c7af4237ada650,1fzAuUVbzlhZ1lJAx9PtY6,1NAmidJlEaVgA3MpcPFYGq,2019-08-23,,https://open.spotify.com/track/1fzAuUVbzlhZ1lJAx9PtY6,,"AR,AU,AT,BE,BO,BR,BG,CA,CL,CO,CR,CY,CZ,DK,DO,DE,EC,EE,SV,FI,FR,GR,GT,HN,HK,HU,IS,IE,IT,LV,LT,LU,MY,MT,MX,NL,NZ,NI,NO,PA,PY,PE,PH,PL,PT,SG,SK,ES,SE,CH,TW,TR,UY,US,GB,AD,LI,MC,ID,JP,TH,VN,RO,IL,ZA,SA,AE,BH,QA,OM,KW,EG,MA,DZ,TN,LB,JO,PS,IN,BY,KZ,MD,UA,AL,BA,HR,ME,MK,RS,SI,KR,BD,PK,LK,GH,KE,NG,TZ,UG,AG,AM,BS,BB,BZ,BT,BW,BF,CV,CW,DM,FJ,GM,GE,GD,GW,GY,HT,JM,KI,LS,LR,MW,MV,ML,MH,FM,NA,NR,NE,PW,PG,WS,SM,ST,SN,SC,SL,SB,KN,LC,VC,SR,TL,TO,TT,TV,VU,AZ,BN,BI,KH,CM,TD,KM,GQ,SZ,GA,GN,KG,LA,MO,MR,MN,NP,RW,TG,UZ,ZW,BJ,MG,MU,MZ,AO,CI,DJ,ZM,CD,CG,IQ,LY,TJ,VE,ET,XK",1.0,18.0,https://api.spotify.com/v1/tracks/1fzAuUVbzlhZ1lJAx9PtY6,spotify:track:1fzAuUVbzlhZ1lJAx9PtY6,{'isrc': 'USUG11901486'},None,None
Under Armour,Zkr,55,193880,album,18,2/2/2024,True,https://i.scdn.co/image/ab67616d0000b273d41c7f573210ae93a3e6e43c,4veGXJ1gdyQwJvpuYu5Y8i,6qcJr49pa0FIIdQgN3Dkvx,2024-10-04,,https://open.spotify.com/track/4veGXJ1gdyQwJvpuYu5Y8i,,"AR,AU,AT,BE,BO,BR,BG,CA,CL,CO,CR,CY,CZ,DK,DO,DE,EC,EE,SV,FI,FR,GR,GT,HN,HK,HU,IS,IE,IT,LV,LT,LU,MY,MT,MX,NL,NZ,NI,NO,PA,PY,PE,PH,PL,PT,SG,SK,ES,SE,CH,TW,TR,UY,US,GB,AD,LI,MC,ID,JP,TH,VN,RO,IL,ZA,SA,AE,BH,QA,OM,KW,EG,MA,DZ,TN,LB,JO,PS,IN,BY,KZ,MD,UA,AL,BA,HR,ME,MK,RS,SI,KR,BD,PK,LK,GH,KE,NG,TZ,UG,AG,AM,BS,BB,BZ,BT,BW,BF,CV,CW,DM,FJ,GM,GE,GD,GW,GY,HT,JM,KI,LS,LR,MW,MV,ML,MH,FM,NA,NR,NE,PW,PG,PR,WS,SM,ST,SN,SC,SL,SB,KN,LC,VC,SR,TL,TO,TT,TV,VU,AZ,BN,BI,KH,CM,TD,KM,GQ,SZ,GA,GN,KG,LA,MO,MR,MN,NP,RW,TG,UZ,ZW,BJ,MG,MU,MZ,AO,CI,DJ,ZM,CD,CG,IQ,LY,TJ,VE,ET,XK",1.0,4.0,https://api.spotify.com/v1/tracks/4veGXJ1gdyQwJvpuYu5Y8i,spotify:track:4veGXJ1gdyQwJvpuYu5Y8i,{'isrc': 'DGA0L2450451'},None,None
Ceux qu'on Ã©tait,Pierre Garnier & Star Academy,69,174106,single,1,2/7/2024,False,https://i.scdn.co/image/ab67616d0000b27398855c34c214d3781bb3aafc,,,,,,,,,,,,,,
CRF - Nouvelle Ã?cole,Various Artists,58,129153,single,5,7/5/2024,False,https://i.scdn.co/image/ab67616d0000b27365ccfa3a7a9139ec9bcdee86,,,,,,,,,,,,,,
Peace - Nouvelle Ã?cole,Various Artists,60,121043,single,4,7/12/2024,False,https://i.scdn.co/image/ab67616d0000b273d94297a7e2a65dc5bb0ff3a8,,,,,,,,,,,,,,
Bah Ouais - Nouvelle Ã?cole,Dadi & JYEUHAIR & Youssef Swatt's,58,201951,single,3,7/22/2024,False,https://i.scdn.co/image/ab67616d0000b2739fd9c32f3fc0231398c31a23,,,,,,,,,,,,,,
GÃ©nÃ©rique de Fin - Nouvelle Ã?cole,Dadi & JYEUHAIR & Youssef Swatt's,56,185311,single,3,7/22/2024,False,https://i.scdn.co/image/ab67616d0000b2739fd9c32f3fc0231398c31a23,,,,,,,,,,,,,,
Doucement - Nouvelle Ã?cole,Various Artists,62,126080,single,4,7/12/2024,False,https://i.scdn.co/image/ab67616d0000b273d94297a7e2a65dc5bb0ff3a8,,,,,,,,,,,,,,
Thug - Nouvelle Ã?cole,Various Artists,57,192080,single,6,7/19/2024,True,https://i.scdn.co/image/ab67616d0000b273554e15aca244a0a9c97d7408,,,,,,,,,,,,,,
Misaotra - Nouvelle Ã?cole,Dadi & JYEUHAIR & Youssef Swatt's,51,184072,single,3,7/22/2024,True,https://i.scdn.co/image/ab67616d0000b2739fd9c32f3fc0231398c31a23,,,,,,,,,,,,,,
Timeless (with Playboi Carti),The Weeknd & Playboi Carti,79,256000,single,1,9/27/2024,True,https://i.scdn.co/image/ab67616d0000b273ee2fe4a7b285d3817b470859,6PfZSRqH1vxzYR7z92lD9a,7aIe2JrbhOecVDQJYUoSDs,2024-10-20,,https://open.spotify.com/track/6PfZSRqH1vxzYR7z92lD9a,,"AR,AU,AT,BE,BO,BR,BG,CA,CL,CO,CR,CY,CZ,DK,DO,DE,EC,EE,SV,FI,FR,GR,GT,HN,HK,HU,IS,IE,IT,LV,LT,LU,MY,MT,MX,NL,NZ,NI,NO,PA,PY,PE,PH,PL,PT,SG,SK,ES,SE,CH,TW,TR,UY,US,GB,AD,LI,MC,ID,JP,TH,VN,RO,IL,ZA,SA,AE,BH,QA,OM,KW,EG,MA,DZ,TN,LB,JO,PS,IN,BY,KZ,MD,UA,AL,BA,HR,ME,MK,RS,SI,KR,BD,PK,LK,GH,KE,NG,TZ,UG,AG,AM,BS,BB,BZ,BT,BW,BF,CV,CW,DM,FJ,GM,GE,GD,GW,GY,HT,JM,KI,LS,LR,MW,MV,ML,MH,FM,NA,NR,NE,PW,PG,PR,WS,SM,ST,SN,SC,SL,SB,KN,LC,VC,SR,TL,TO,TT,TV,VU,AZ,BN,BI,KH,CM,TD,KM,GQ,SZ,GA,GN,KG,LA,MO,MR,MN,NP,RW,TG,UZ,ZW,BJ,MG,MU,MZ,AO,CI,DJ,ZM,CD,CG,IQ,LY,TJ,VE,ET,XK",1.0,11.0,https://api.spotify.com/v1/tracks/6PfZSRqH1vxzYR7z92lD9a,spotify:track:6PfZSRqH1vxzYR7z92lD9a,{'isrc': 'HKE022381850'},None,None
"PAROLE (feat. Noemi, Lazza, Tedua & Marracash)",Drillionaire,39,256510,album,10,6/28/2023,True,https://i.scdn.co/image/ab67616d0000b273449ab96a5236eecdf84a0eb6,,,,,,,,,,,,,,
"FASHION (feat. ANNA, Lazza, Tony Effe & Benny Benassi)",Drillionaire,65,182407,album,11,6/29/2023,True,https://i.scdn.co/image/ab67616d0000b273c147f8859677405f07879735,,,,,,,,,,,,,,
White Christmas - 1947 Version,Bing Crosby & Fred Astaire,90,177480,album,12,1/1/1942,False,https://i.scdn.co/image/ab67616d0000b2735e8ed9b5848e7139dc087c48,3XsaSIPWvM61RIFfeb0BBR,42KK3F8HTm1dyv5iFsCXdw,1945-01-01,,https://open.spotify.com/track/3XsaSIPWvM61RIFfeb0BBR,,"AR,AU,AT,BE,BO,BR,BG,CA,CL,CO,CR,CY,CZ,DK,DO,DE,EC,EE,SV,FI,FR,GR,GT,HN,HK,HU,IS,IE,IT,LV,LT,LU,MY,MT,MX,NL,NZ,NI,NO,PA,PY,PE,PH,PL,PT,SG,SK,ES,SE,CH,TW,TR,UY,US,GB,AD,LI,MC,ID,JP,TH,VN,RO,IL,ZA,SA,AE,BH,QA,OM,KW,EG,MA,DZ,TN,LB,JO,PS,IN,BY,KZ,MD,UA,AL,BA,HR,ME,MK,RS,SI,KR,BD,PK,LK,GH,KE,NG,TZ,UG,AG,AM,BS,BB,BZ,BT,BW,BF,CV,CW,DM,FJ,GM,GE,GD,GW,GY,HT,JM,KI,LS,LR,MW,MV,ML,MH,FM,NA,NR,NE,PW,PG,WS,SM,ST,SN,SC,SL,SB,KN,LC,VC,SR,TL,TO,TT,TV,VU,AZ,BN,BI,KH,CM,TD,KM,GQ,SZ,GA,GN,KG,LA,MO,MR,MN,NP,RW,TG,UZ,ZW,BJ,MG,MU,MZ,AO,CI,DJ,ZM,CD,CG,IQ,LY,TJ,VE,ET,XK",1.0,3.0,https://api.spotify.com/v1/tracks/3XsaSIPWvM61RIFfeb0BBR,spotify:track:3XsaSIPWvM61RIFfeb0BBR,{'isrc': 'USMC14750470'},None,None
DOPO LE 4,Various Artists,24,182906,compilation,70,4/17/2024,True,https://i.scdn.co/image/ab67616d0000b2731e0471bd6af78eb0f4d34787,3qxiSQOe8EhQm7OckqKiUu,4rCMQjEm7zRJDbS5NbtCLY,2024-12-09,,https://open.spotify.com/track/3qxiSQOe8EhQm7OckqKiUu,,"AR,AU,AT,BE,BO,BR,BG,CA,CL,CO,CR,CY,CZ,DK,DO,DE,EC,EE,SV,FI,FR,GR,GT,HN,HK,HU,IS,IE,IT,LV,LT,LU,MY,MT,MX,NL,NZ,NI,NO,PA,PY,PE,PH,PL,PT,SG,SK,ES,SE,CH,TW,TR,UY,US,GB,AD,LI,MC,ID,JP,TH,VN,RO,IL,ZA,SA,AE,BH,QA,OM,KW,EG,MA,DZ,TN,LB,JO,PS,IN,KZ,MD,UA,AL,BA,HR,ME,MK,RS,SI,KR,BD,PK,LK,GH,KE,NG,TZ,UG,AG,AM,BS,BB,BZ,BT,BW,BF,CV,CW,DM,FJ,GM,GE,GD,GW,GY,HT,JM,KI,LS,LR,MW,MV,ML,MH,FM,NA,NR,NE,PW,PG,WS,SM,ST,SN,SC,SL,SB,KN,LC,VC,SR,TL,TO,TT,TV,VU,AZ,BN,BI,KH,CM,TD,KM,GQ,SZ,GA,GN,KG,LA,MO,MR,MN,NP,RW,TG,UZ,ZW,BJ,MG,MU,MZ,AO,CI,DJ,ZM,CD,CG,IQ,LY,TJ,VE,ET,XK",1.0,11.0,https://api.spotify.com/v1/tracks/3qxiSQOe8EhQm7OckqKiUu,spotify:track:3qxiSQOe8EhQm7OckqKiUu,{'isrc': 'ITUM72400338'},None,None
å?ã®ã¾ã¾,ç?¾è¶³ & é?»ã??ã?³,76,177580,single,1,2/19/2023,False,https://i.scdn.co/image/ab67616d0000b273b84e5ef0604176e68584dc79,6RgVISu7rwckOPMKZDgexm,3k8RyglUgIXedxDy8dpR0s,2023-04-18,,https://open.spotify.com/track/6RgVISu7rwckOPMKZDgexm,,"AR,AU,AT,BE,BO,BR,BG,CA,CL,CO,CR,CY,CZ,DK,DO,DE,EC,EE,SV,FI,FR,GR,GT,HN,HK,HU,IS,IE,IT,LV,LT,LU,MY,MT,MX,NL,NZ,NI,NO,PA,PY,PE,PH,PL,PT,SG,SK,ES,SE,CH,TW,TR,UY,US,GB,AD,LI,MC,ID,JP,TH,VN,RO,IL,ZA,SA,AE,BH,QA,OM,KW,EG,MA,DZ,TN,LB,JO,PS,IN,BY,KZ,MD,UA,AL,BA,HR,ME,MK,RS,SI,KR,BD,PK,LK,GH,KE,NG,TZ,UG,AG,AM,BS,BB,BZ,BT,BW,BF,CV,CW,DM,FJ,GM,GE,GD,GW,GY,HT,JM,KI,LS,LR,MW,MV,ML,MH,FM,NA,NR,NE,PW,PG,PR,WS,SM,ST,SN,SC,SL,SB,KN,LC,VC,SR,TL,TO,TT,TV,VU,AZ,BN,BI,KH,CM,TD,KM,GQ,SZ,GA,GN,KG,LA,MO,MR,MN,NP,RW,TG,UZ,ZW,BJ,MG,MU,MZ,AO,CI,DJ,ZM,CD,CG,IQ,LY,TJ,VE,ET,XK",1.0,1.0,https://api.spotify.com/v1/tracks/6RgVISu7rwckOPMKZDgexm,spotify:track:6RgVISu7rwckOPMKZDgexm,{'isrc': 'QZWBE2352424'},None,None
ã?·ã?³ã??ã?¬ã?©ã??ã?¼ã?¤,Saucy Dog,75,234323,album,8,8/25/2021,False,https://i.scdn.co/image/ab67616d0000b27381b5fbf6470347967b819fe3,73Yi5M3WRdNEUjumZip3LI,3XHcG7O4CNVKYVX7WKEOzV,2025-09-23,,https://open.spotify.com/track/73Yi5M3WRdNEUjumZip3LI,,"AR,AU,AT,BE,BO,BR,BG,CA,CL,CO,CR,CY,CZ,DK,DO,DE,EC,EE,SV,FI,FR,GR,GT,HN,HK,HU,IS,IE,IT,LV,LT,LU,MY,MT,MX,NL,NZ,NI,NO,PA,PY,PE,PH,PL,PT,SG,SK,ES,SE,CH,TW,TR,UY,US,GB,AD,LI,MC,ID,JP,TH,VN,RO,IL,ZA,SA,AE,BH,QA,OM,KW,EG,MA,DZ,TN,LB,JO,PS,IN,KZ,MD,UA,AL,BA,HR,ME,MK,RS,SI,KR,BD,PK,LK,GH,KE,NG,TZ,UG,AG,AM,BS,BB,BZ,BT,BW,BF,CV,CW,DM,FJ,GM,GE,GD,GW,GY,HT,JM,KI,LS,LR,MW,MV,ML,MH,FM,NA,NR,NE,PW,PG,WS,SM,ST,SN,SC,SL,SB,KN,LC,VC,SR,TL,TO,TT,TV,VU,AZ,BN,BI,KH,CM,TD,KM,GQ,SZ,GA,GN,KG,LA,MO,MR,MN,NP,RW,TG,UZ,ZW,BJ,MG,MU,MZ,AO,CI,DJ,ZM,CD,CG,IQ,LY,TJ,VE,ET,XK",1.0,42.0,https://api.spotify.com/v1/tracks/73Yi5M3WRdNEUjumZip3LI,spotify:track:73Yi5M3WRdNEUjumZip3LI,{'isrc': 'GBF078240303'},None,None
Wâ?RK,millennium parade & Sheena Ringo,77,201073,single,1,4/1/2023,False,https://i.scdn.co/image/ab67616d0000b273467fc4ac9ecb7e8fb58db6e5,0BKvzaT15jI9cez1BGf8kS,2wswSMHMIxt7p1FMvfRFbw,2014,,https://open.spotify.com/track/0BKvzaT15jI9cez1BGf8kS,,"AR,AU,AT,BE,BO,BR,BG,CA,CL,CO,CR,CY,CZ,DK,DO,DE,EC,EE,SV,FI,FR,GR,GT,HN,HK,HU,IS,IE,IT,LV,LT,LU,MY,MT,MX,NL,NZ,NI,NO,PA,PY,PE,PH,PL,PT,SG,SK,ES,SE,CH,TW,TR,UY,US,GB,AD,LI,MC,ID,JP,TH,VN,RO,IL,ZA,SA,AE,BH,QA,OM,KW,EG,MA,DZ,TN,LB,JO,PS,IN,BY,KZ,MD,UA,AL,BA,HR,ME,MK,RS,SI,KR,BD,PK,LK,GH,KE,NG,TZ,UG,AG,AM,BS,BB,BZ,BT,BW,BF,CV,CW,DM,FJ,GM,GE,GD,GW,GY,HT,JM,KI,LS,LR,MW,MV,ML,MH,FM,NA,NR,NE,PW,PG,PR,WS,SM,ST,SN,SC,SL,SB,KN,LC,VC,SR,TL,TO,TT,TV,VU,AZ,BN,BI,KH,CM,TD,KM,GQ,SZ,GA,GN,KG,LA,MO,MR,MN,NP,RW,TG,UZ,ZW,BJ,MG,MU,MZ,AO,CI,DJ,ZM,CD,CG,IQ,LY,TJ,VE,ET,XK",1.0,1.0,https://api.spotify.com/v1/tracks/0BKvzaT15jI9cez1BGf8kS,spotify:track:0BKvzaT15jI9cez1BGf8kS,{'isrc': 'USRC11402087'},None,None
115ä¸?ã?­ã?­ã®ã??ã?£ã?«ã? ,OFFICIAL HIGE DANDISM,74,324633,album,13,4/11/2018,False,https://i.scdn.co/image/ab67616d0000b273981e918d799daf9eb7e72ac1,4v9Iq4LANThJsxnMNukzOf,0SBxmKIqyb7rS7a5UVVgqK,2023-06-02,,https://open.spotify.com/track/4v9Iq4LANThJsxnMNukzOf,,"AR,AU,AT,BE,BO,BR,BG,CA,CL,CO,CR,CY,CZ,DK,DO,DE,EC,EE,SV,FI,FR,GR,GT,HN,HK,HU,IS,IE,IT,LV,LT,LU,MY,MT,MX,NL,NZ,NI,NO,PA,PY,PE,PH,PL,PT,SG,SK,ES,SE,CH,TW,TR,UY,US,GB,AD,LI,MC,ID,JP,TH,VN,RO,IL,ZA,SA,AE,BH,QA,OM,KW,EG,MA,DZ,TN,LB,JO,PS,IN,BY,KZ,MD,UA,AL,BA,HR,ME,MK,RS,SI,KR,BD,PK,LK,GH,KE,NG,TZ,UG,AG,AM,BS,BB,BZ,BT,BW,BF,CV,CW,DM,FJ,GM,GE,GD,GW,GY,HT,JM,KI,LS,LR,MW,MV,ML,MH,FM,NA,NR,NE,PW,PG,PR,WS,SM,ST,SN,SC,SL,SB,KN,LC,VC,SR,TL,TO,TT,TV,VU,AZ,BN,BI,KH,CM,TD,KM,GQ,SZ,GA,GN,KG,LA,MO,MR,MN,NP,RW,TG,UZ,ZW,BJ,MG,MU,MZ,AO,CI,DJ,ZM,CD,CG,IQ,LY,TJ,VE,ET,XK",1.0,2.0,https://api.spotify.com/v1/tracks/4v9Iq4LANThJsxnMNukzOf,spotify:track:4v9Iq4LANThJsxnMNukzOf,{'isrc': 'SEXGF2395264'},None,None
ã??ã??ã?¯ã?¹ã??ã??ã??,OFFICIAL HIGE DANDISM,72,213438,single,1,4/15/2022,False,https://i.scdn.co/image/ab67616d0000b273e4432f106a0ca7a2088fbb3d,5XfGQZA0ioQAWUjlyJRcHc,1P7wZAMsCTQtRBdlEsStWN,2024-06-27,,https://open.spotify.com/track/5XfGQZA0ioQAWUjlyJRcHc,,"AR,AU,AT,BE,BO,BR,BG,CA,CL,CO,CR,CY,CZ,DK,DO,DE,EC,EE,SV,FI,FR,GR,GT,HN,HK,HU,IS,IE,IT,LV,LT,LU,MY,MT,MX,NL,NZ,NI,NO,PA,PY,PE,PH,PL,PT,SG,SK,ES,SE,CH,TW,TR,UY,US,GB,AD,LI,MC,ID,JP,TH,VN,RO,IL,ZA,SA,AE,BH,QA,OM,KW,EG,MA,DZ,TN,LB,JO,PS,IN,KZ,MD,UA,AL,BA,HR,ME,MK,RS,SI,KR,BD,PK,LK,GH,KE,NG,TZ,UG,AG,AM,BS,BB,BZ,BT,BW,BF,CV,CW,DM,FJ,GM,GE,GD,GW,GY,HT,JM,KI,LS,LR,MW,MV,ML,MH,FM,NA,NR,NE,PW,PG,PR,WS,SM,ST,SN,SC,SL,SB,KN,LC,VC,SR,TL,TO,TT,TV,VU,AZ,BN,BI,KH,CM,TD,KM,GQ,SZ,GA,GN,KG,LA,MO,MR,MN,NP,RW,TG,UZ,ZW,BJ,MG,MU,MZ,AO,CI,DJ,ZM,CD,CG,IQ,LY,TJ,VE,ET,XK",1.0,1.0,https://api.spotify.com/v1/tracks/5XfGQZA0ioQAWUjlyJRcHc,spotify:track:5XfGQZA0ioQAWUjlyJRcHc,{'isrc': 'US38Y2414636'},None,None
ã??ã?¯ã?¤ã??ã??ã?¤ã?º,OFFICIAL HIGE DANDISM,73,254838,single,1,1/11/2023,False,https://i.scdn.co/image/ab67616d0000b273c51fc46c18220ed859dab6ed,3YctJXK6kznnWl68TnYobN,1vi1WySkgPGkbR8NnQzlXu,2023-03-02,,https://open.spotify.com/track/3YctJXK6kznnWl68TnYobN,,"AR,AU,AT,BE,BO,BR,BG,CA,CL,CO,CR,CY,CZ,DK,DO,DE,EC,EE,SV,FI,FR,GR,GT,HN,HK,HU,IS,IE,IT,LV,LT,LU,MY,MT,MX,NL,NZ,NI,NO,PA,PY,PE,PH,PL,PT,SG,SK,ES,SE,CH,TW,TR,UY,US,GB,AD,LI,MC,ID,JP,TH,VN,RO,IL,ZA,SA,AE,BH,QA,OM,KW,EG,MA,DZ,TN,LB,JO,PS,IN,BY,KZ,MD,UA,AL,BA,HR,ME,MK,RS,SI,KR,BD,PK,LK,GH,KE,NG,TZ,UG,AG,AM,BS,BB,BZ,BT,BW,BF,CV,CW,DM,FJ,GM,GE,GD,GW,GY,HT,JM,KI,LS,LR,MW,MV,ML,MH,FM,NA,NR,NE,PW,PG,PR,WS,SM,ST,SN,SC,SL,SB,KN,LC,VC,SR,TL,TO,TT,TV,VU,AZ,BN,BI,KH,CM,TD,KM,GQ,SZ,GA,GN,KG,LA,MO,MR,MN,NP,RW,TG,UZ,ZW,BJ,MG,MU,MZ,AO,CI,DJ,ZM,CD,CG,IQ,LY,TJ,VE,ET,XK",1.0,14.0,https://api.spotify.com/v1/tracks/3YctJXK6kznnWl68TnYobN,spotify:track:3YctJXK6kznnWl68TnYobN,{'isrc': 'QM4TW2368002'},None,None
TOXIC,PRODUCE 101 JAPAN THE GIRLS,17,193066,album,10,12/18/2023,False,https://i.scdn.co/image/ab67616d0000b273eadd20455abacc4be7a82b46,1z5ebC9238uGoBgzYyvGpQ,7kFyd5oyJdVX2pIi6P4iHE,2024-12-06,,https://open.spotify.com/track/1z5ebC9238uGoBgzYyvGpQ,,"AR,AU,AT,BE,BO,BR,BG,CA,CL,CO,CR,CY,CZ,DK,DO,DE,EC,EE,SV,FI,FR,GR,GT,HN,HK,HU,IS,IE,IT,LV,LT,LU,MY,MT,MX,NL,NZ,NI,NO,PA,PY,PE,PH,PL,PT,SG,SK,ES,SE,CH,TW,TR,UY,US,GB,AD,LI,MC,ID,JP,TH,VN,RO,IL,ZA,SA,AE,BH,QA,OM,KW,EG,MA,DZ,TN,LB,JO,PS,IN,KZ,MD,UA,AL,BA,HR,ME,MK,RS,SI,BD,PK,LK,GH,KE,NG,TZ,UG,AG,AM,BS,BB,BZ,BT,BW,BF,CV,CW,DM,FJ,GM,GE,GD,GW,GY,HT,JM,KI,LS,LR,MW,MV,ML,MH,FM,NA,NR,NE,PW,PG,PR,WS,SM,ST,SN,SC,SL,SB,KN,LC,VC,SR,TL,TO,TT,TV,VU,AZ,BN,BI,KH,CM,TD,KM,GQ,SZ,GA,GN,KG,LA,MO,MR,MN,NP,RW,TG,UZ,ZW,BJ,MG,MU,MZ,AO,CI,DJ,ZM,CD,CG,IQ,LY,TJ,VE,ET,XK",1.0,4.0,https://api.spotify.com/v1/tracks/1z5ebC9238uGoBgzYyvGpQ,spotify:track:1z5ebC9238uGoBgzYyvGpQ,{'isrc': 'USAT22409170'},None,None
Lost and Found,KingLee & Lil' Flip,64,219032,single,1,12/5/2023,True,https://i.scdn.co/image/ab67616d0000b273a7d4b25864eb074831afc0e9,52iD6HTHA5y3Bvkzpb4Eyz,5ETrymml30wW2kHEMIzvsx,2025-04-25,,https://open.spotify.com/track/52iD6HTHA5y3Bvkzpb4Eyz,,"AR,AU,AT,BE,BO,BR,BG,CA,CL,CO,CR,CY,CZ,DK,DO,DE,EC,EE,SV,FI,FR,GR,GT,HN,HK,HU,IS,IE,IT,LV,LT,LU,MY,MT,MX,NL,NZ,NI,NO,PA,PY,PE,PH,PL,PT,SG,SK,ES,SE,CH,TW,TR,UY,US,GB,AD,LI,MC,ID,JP,TH,VN,RO,IL,ZA,SA,AE,BH,QA,OM,KW,EG,MA,DZ,TN,LB,JO,PS,IN,KZ,MD,UA,AL,BA,HR,ME,MK,RS,SI,KR,BD,PK,LK,GH,KE,NG,TZ,UG,AG,AM,BS,BB,BZ,BT,BW,BF,CV,CW,DM,FJ,GM,GE,GD,GW,GY,HT,JM,KI,LS,LR,MW,MV,ML,MH,FM,NA,NR,NE,PW,PG,PR,WS,SM,ST,SN,SC,SL,SB,KN,LC,VC,SR,TL,TO,TT,TV,VU,AZ,BN,BI,KH,CM,TD,KM,GQ,SZ,GA,GN,KG,LA,MO,MR,MN,NP,RW,TG,UZ,ZW,BJ,MG,MU,MZ,AO,CI,DJ,ZM,CD,CG,IQ,LY,TJ,VE,ET,XK",1.0,1.0,https://api.spotify.com/v1/tracks/52iD6HTHA5y3Bvkzpb4Eyz,spotify:track:52iD6HTHA5y3Bvkzpb4Eyz,{'isrc': 'THW092501654'},None,None
High Note,KingLee & Code G,64,241104,single,1,12/15/2023,True,https://i.scdn.co/image/ab67616d0000b2734eeb5c0a55dc0c44e5978351,3Nhp8faDyxiX68dxkwRhAi,5shzwC9p2nNFivMx37PFoD,2025-09-19,,https://open.spotify.com/track/3Nhp8faDyxiX68dxkwRhAi,,"AR,AU,AT,BE,BO,BR,BG,CA,CL,CO,CR,CY,CZ,DK,DO,DE,EC,EE,SV,FI,FR,GR,GT,HN,HK,HU,IS,IE,IT,LV,LT,LU,MY,MT,MX,NL,NZ,NI,NO,PA,PY,PE,PH,PL,PT,SG,SK,ES,SE,CH,TW,TR,UY,US,GB,AD,LI,MC,ID,JP,TH,VN,RO,IL,ZA,SA,AE,BH,QA,OM,KW,EG,MA,DZ,TN,LB,JO,PS,IN,KZ,MD,UA,AL,BA,HR,ME,MK,RS,SI,KR,BD,PK,LK,GH,KE,NG,TZ,UG,AG,AM,BS,BB,BZ,BT,BW,BF,CV,CW,DM,FJ,GM,GE,GD,GW,GY,HT,JM,KI,LS,LR,MW,MV,ML,MH,FM,NA,NR,NE,PW,PG,WS,SM,ST,SN,SC,SL,SB,KN,LC,VC,SR,TL,TO,TT,TV,VU,AZ,BN,BI,KH,CM,TD,KM,GQ,SZ,GA,GN,KG,LA,MO,MR,MN,NP,RW,TG,UZ,ZW,BJ,MG,MU,MZ,AO,CI,DJ,ZM,CD,CG,IQ,LY,TJ,VE,ET,XK",1.0,13.0,https://api.spotify.com/v1/tracks/3Nhp8faDyxiX68dxkwRhAi,spotify:track:3Nhp8faDyxiX68dxkwRhAi,{'isrc': 'USUM72507751'},None,None
ç?¸æ?ç?¸æ??,aiko,63,260903,single,1,4/12/2024,False,https://i.scdn.co/image/ab67616d0000b273031056782c24336ad32611b8,1EtVdxwmopG3bipmDRnDLl,42RdzwUQ7a5WGUVv98NxK5,2025-09-23,,https://open.spotify.com/track/1EtVdxwmopG3bipmDRnDLl,,"AR,AU,AT,BE,BO,BR,BG,CA,CL,CO,CR,CY,CZ,DK,DO,DE,EC,EE,SV,FI,FR,GR,GT,HN,HK,HU,IS,IE,IT,LV,LT,LU,MY,MT,MX,NL,NZ,NI,NO,PA,PY,PE,PH,PL,PT,SG,SK,ES,SE,CH,TW,TR,UY,US,GB,AD,LI,MC,ID,JP,TH,VN,RO,IL,ZA,SA,AE,BH,QA,OM,KW,EG,MA,DZ,TN,LB,JO,PS,IN,KZ,MD,UA,AL,BA,HR,ME,MK,RS,SI,KR,BD,PK,LK,GH,KE,NG,TZ,UG,AG,AM,BS,BB,BZ,BT,BW,BF,CV,CW,DM,FJ,GM,GE,GD,GW,GY,HT,JM,KI,LS,LR,MW,MV,ML,MH,FM,NA,NR,NE,PW,PG,PR,WS,SM,ST,SN,SC,SL,SB,KN,LC,VC,SR,TL,TO,TT,TV,VU,AZ,BN,BI,KH,CM,TD,KM,GQ,SZ,GA,GN,KG,LA,MO,MR,MN,NP,RW,TG,UZ,ZW,BJ,MG,MU,MZ,AO,CI,DJ,ZM,CD,CG,IQ,LY,TJ,VE,ET,XK",1.0,29.0,https://api.spotify.com/v1/tracks/1EtVdxwmopG3bipmDRnDLl,spotify:track:1EtVdxwmopG3bipmDRnDLl,{'isrc': 'GBAYC2100287'},None,None
å?¨æ?¹å?ç¾?å°?å¥³,ä¹?ç´«,73,127925,single,1,1/5/2024,False,https://i.scdn.co/image/ab67616d0000b27359f08272a89b6428893d55f6,2de68jPEowvtZxhClJBdAV,1rPyvqzxCq5uwkc0855nHP,2023-07-07,,https://open.spotify.com/track/2de68jPEowvtZxhClJBdAV,,"AR,AU,AT,BE,BO,BR,BG,CA,CL,CO,CR,CY,CZ,DK,DO,DE,EC,EE,SV,FI,FR,GR,GT,HN,HK,HU,IS,IE,IT,LV,LT,LU,MY,MT,MX,NL,NZ,NI,NO,PA,PY,PE,PH,PL,PT,SG,SK,ES,SE,CH,TW,TR,UY,US,GB,AD,LI,MC,ID,JP,TH,VN,RO,IL,ZA,SA,AE,BH,QA,OM,KW,EG,MA,DZ,TN,LB,JO,PS,IN,BY,KZ,MD,UA,AL,BA,HR,ME,MK,RS,SI,KR,BD,PK,LK,GH,KE,NG,TZ,UG,AG,AM,BS,BB,BZ,BT,BW,BF,CV,CW,DM,FJ,GM,GE,GD,GW,GY,HT,JM,KI,LS,LR,MW,MV,ML,MH,FM,NA,NR,NE,PW,PG,PR,WS,SM,ST,SN,SC,SL,SB,KN,LC,VC,SR,TL,TO,TT,TV,VU,AZ,BN,BI,KH,CM,TD,KM,GQ,SZ,GA,GN,KG,LA,MO,MR,MN,NP,RW,TG,UZ,ZW,BJ,MG,MU,MZ,AO,CI,DJ,ZM,CD,CG,IQ,LY,TJ,VE,ET,XK",1.0,5.0,https://api.spotify.com/v1/tracks/2de68jPEowvtZxhClJBdAV,spotify:track:2de68jPEowvtZxhClJBdAV,{'isrc': 'DEWM30086219'},None,None
å?æ?ã?­ã?©ã?¼,ä¹?ç´«,62,132472,single,1,5/8/2024,False,https://i.scdn.co/image/ab67616d0000b27361e820e29fc94fa644890409,5sPFtBcnGdR2knAlBK1d1B,3v0ly6yBAwwmx4imnn3Ozu,2025-04-21,,https://open.spotify.com/track/5sPFtBcnGdR2knAlBK1d1B,,"AR,AU,AT,BE,BO,BR,BG,CA,CL,CO,CR,CY,CZ,DK,DO,DE,EC,EE,SV,FI,FR,GR,GT,HN,HK,HU,IS,IE,IT,LV,LT,LU,MY,MT,MX,NL,NZ,NI,NO,PA,PY,PE,PH,PL,PT,SG,SK,ES,SE,CH,TW,TR,UY,US,GB,AD,LI,MC,ID,JP,TH,VN,RO,IL,ZA,SA,AE,BH,QA,OM,KW,EG,MA,DZ,TN,LB,JO,PS,IN,BY,KZ,MD,UA,AL,BA,HR,ME,MK,RS,SI,KR,BD,PK,LK,GH,KE,NG,TZ,UG,AG,AM,BS,BB,BZ,BT,BW,BF,CV,CW,DM,FJ,GM,GE,GD,GW,GY,HT,JM,KI,LS,LR,MW,MV,ML,MH,FM,NA,NR,NE,PW,PG,PR,WS,SM,ST,SN,SC,SL,SB,KN,LC,VC,SR,TL,TO,TT,TV,VU,AZ,BN,BI,KH,CM,TD,KM,GQ,SZ,GA,GN,KG,LA,MO,MR,MN,NP,RW,TG,UZ,ZW,BJ,MG,MU,MZ,AO,CI,DJ,ZM,CD,CG,IQ,LY,TJ,VE,ET,XK",1.0,1.0,https://api.spotify.com/v1/tracks/5sPFtBcnGdR2knAlBK1d1B,spotify:track:5sPFtBcnGdR2knAlBK1d1B,{'isrc': 'TCAJO2590057'},None,None
ä¼?ã?ã«è¡?ãã®ã«,Aimyon,66,315386,single,1,5/1/2024,False,https://i.scdn.co/image/ab67616d0000b273e84bc07d2614718f99314eee,6gKdK7OGOHzjV2xf27ELk6,3IhGsyzdAm7qiK0h92dxCc,2025-09-21,,https://open.spotify.com/track/6gKdK7OGOHzjV2xf27ELk6,,"AR,AU,AT,BE,BO,BR,BG,CA,CL,CO,CR,CY,CZ,DK,DO,DE,EC,EE,SV,FI,FR,GR,GT,HN,HK,HU,IS,IE,IT,LV,LT,LU,MY,MT,MX,NL,NZ,NI,NO,PA,PY,PE,PH,PL,PT,SG,SK,ES,SE,CH,TW,TR,UY,US,GB,AD,LI,MC,ID,JP,TH,VN,RO,IL,ZA,SA,AE,BH,QA,OM,KW,EG,MA,DZ,TN,LB,JO,PS,IN,KZ,MD,UA,AL,BA,HR,ME,MK,RS,SI,KR,BD,PK,LK,GH,KE,NG,TZ,UG,AG,AM,BS,BB,BZ,BT,BW,BF,CV,CW,DM,FJ,GM,GE,GD,GW,GY,HT,JM,KI,LS,LR,MW,MV,ML,MH,FM,NA,NR,NE,PW,PG,WS,SM,ST,SN,SC,SL,SB,KN,LC,VC,SR,TL,TO,TT,TV,VU,AZ,BN,BI,KH,CM,TD,KM,GQ,SZ,GA,GN,KG,LA,MO,MR,MN,NP,RW,TG,UZ,ZW,BJ,MG,MU,MZ,AO,CI,DJ,ZM,CD,CG,IQ,LY,TJ,VE,ET,XK",1.0,5.0,https://api.spotify.com/v1/tracks/6gKdK7OGOHzjV2xf27ELk6,spotify:track:6gKdK7OGOHzjV2xf27ELk6,{'isrc': 'NLA506200307'},None,None
ã?©ã??ã?­ã?¼ã?«ã?©ã?¼,Aimyon,64,219328,single,1,7/5/2024,False,https://i.scdn.co/image/ab67616d0000b273fe572cb8b8f1abdac6b3c55b,6gKdK7OGOHzjV2xf27ELk6,3IhGsyzdAm7qiK0h92dxCc,2025-09-21,,https://open.spotify.com/track/6gKdK7OGOHzjV2xf27ELk6,,"AR,AU,AT,BE,BO,BR,BG,CA,CL,CO,CR,CY,CZ,DK,DO,DE,EC,EE,SV,FI,FR,GR,GT,HN,HK,HU,IS,IE,IT,LV,LT,LU,MY,MT,MX,NL,NZ,NI,NO,PA,PY,PE,PH,PL,PT,SG,SK,ES,SE,CH,TW,TR,UY,US,GB,AD,LI,MC,ID,JP,TH,VN,RO,IL,ZA,SA,AE,BH,QA,OM,KW,EG,MA,DZ,TN,LB,JO,PS,IN,KZ,MD,UA,AL,BA,HR,ME,MK,RS,SI,KR,BD,PK,LK,GH,KE,NG,TZ,UG,AG,AM,BS,BB,BZ,BT,BW,BF,CV,CW,DM,FJ,GM,GE,GD,GW,GY,HT,JM,KI,LS,LR,MW,MV,ML,MH,FM,NA,NR,NE,PW,PG,WS,SM,ST,SN,SC,SL,SB,KN,LC,VC,SR,TL,TO,TT,TV,VU,AZ,BN,BI,KH,CM,TD,KM,GQ,SZ,GA,GN,KG,LA,MO,MR,MN,NP,RW,TG,UZ,ZW,BJ,MG,MU,MZ,AO,CI,DJ,ZM,CD,CG,IQ,LY,TJ,VE,ET,XK",1.0,5.0,https://api.spotify.com/v1/tracks/6gKdK7OGOHzjV2xf27ELk6,spotify:track:6gKdK7OGOHzjV2xf27ELk6,{'isrc': 'NLA506200307'},None,None
å??å½¼å¥³ã®ã¿ãªã?ã¾ã¸,Koresawa,62,248613,single,1,9/4/2024,False,https://i.scdn.co/image/ab67616d0000b2739fa9b6f7ef0cc6107d81f33c,0ROoJsLkr5rqBwvNA5Iamq,0bdeCA8gmHyjjOL1e8cSRe,1997-11-03,,https://open.spotify.com/track/0ROoJsLkr5rqBwvNA5Iamq,,"AR,AU,AT,BE,BO,BR,BG,CA,CL,CO,CR,CY,CZ,DK,DO,DE,EC,EE,SV,FI,FR,GR,GT,HN,HK,HU,IS,IE,IT,LV,LT,LU,MY,MT,MX,NL,NZ,NI,NO,PA,PY,PE,PH,PL,PT,SG,SK,ES,SE,CH,TW,TR,UY,US,GB,AD,LI,MC,ID,JP,TH,VN,RO,IL,ZA,SA,AE,BH,QA,OM,KW,EG,MA,DZ,TN,LB,JO,PS,IN,BY,KZ,MD,UA,AL,BA,HR,ME,MK,RS,SI,KR,BD,PK,LK,GH,KE,NG,TZ,UG,AG,AM,BS,BB,BZ,BT,BW,BF,CV,CW,DM,FJ,GM,GE,GD,GW,GY,HT,JM,KI,LS,LR,MW,MV,ML,MH,FM,NA,NR,NE,PW,PG,PR,WS,SM,ST,SN,SC,SL,SB,KN,LC,VC,SR,TL,TO,TT,TV,VU,AZ,BN,BI,KH,CM,TD,KM,GQ,SZ,GA,GN,KG,LA,MO,MR,MN,NP,RW,TG,UZ,ZW,BJ,MG,MU,MZ,AO,CI,DJ,ZM,CD,CG,IQ,LY,TJ,VE,ET,XK",1.0,24.0,https://api.spotify.com/v1/tracks/0ROoJsLkr5rqBwvNA5Iamq,spotify:track:0ROoJsLkr5rqBwvNA5Iamq,{'isrc': 'HKI199704324'},None,None
ã?ã?ã?ã?ã ã?ã?ã??ã ã?ã§ã?ã?ï¼?,CUTIE STREET,65,251173,single,2,9/9/2024,False,https://i.scdn.co/image/ab67616d0000b273157b12de5532ebe4416c989b,6gKdK7OGOHzjV2xf27ELk6,3IhGsyzdAm7qiK0h92dxCc,2025-09-21,,https://open.spotify.com/track/6gKdK7OGOHzjV2xf27ELk6,,"AR,AU,AT,BE,BO,BR,BG,CA,CL,CO,CR,CY,CZ,DK,DO,DE,EC,EE,SV,FI,FR,GR,GT,HN,HK,HU,IS,IE,IT,LV,LT,LU,MY,MT,MX,NL,NZ,NI,NO,PA,PY,PE,PH,PL,PT,SG,SK,ES,SE,CH,TW,TR,UY,US,GB,AD,LI,MC,ID,JP,TH,VN,RO,IL,ZA,SA,AE,BH,QA,OM,KW,EG,MA,DZ,TN,LB,JO,PS,IN,KZ,MD,UA,AL,BA,HR,ME,MK,RS,SI,KR,BD,PK,LK,GH,KE,NG,TZ,UG,AG,AM,BS,BB,BZ,BT,BW,BF,CV,CW,DM,FJ,GM,GE,GD,GW,GY,HT,JM,KI,LS,LR,MW,MV,ML,MH,FM,NA,NR,NE,PW,PG,WS,SM,ST,SN,SC,SL,SB,KN,LC,VC,SR,TL,TO,TT,TV,VU,AZ,BN,BI,KH,CM,TD,KM,GQ,SZ,GA,GN,KG,LA,MO,MR,MN,NP,RW,TG,UZ,ZW,BJ,MG,MU,MZ,AO,CI,DJ,ZM,CD,CG,IQ,LY,TJ,VE,ET,XK",1.0,5.0,https://api.spotify.com/v1/tracks/6gKdK7OGOHzjV2xf27ELk6,spotify:track:6gKdK7OGOHzjV2xf27ELk6,{'isrc': 'NLA506200307'},None,None
ã?ªã??ã??ã?± - Otonoke - Opening Theme to DAN DA DAN,Creepy Nuts,85,185626,single,2,10/4/2024,False,https://i.scdn.co/image/ab67616d0000b2733863c7a4f0284c0a595905f8,,,,,,,,,,,,,,
JGL,La Adictiva & Luis R Conriquez,84,158093,single,1,2/18/2022,False,https://i.scdn.co/image/ab67616d0000b273deb46423294da327d2246acd,1Ofar7nEADge5tb0jBynGm,7oyKhjwyor2FdyH9Y96jys,2023-07-05,,https://open.spotify.com/track/1Ofar7nEADge5tb0jBynGm,,"AR,AU,AT,BE,BO,BR,BG,CA,CL,CO,CR,CY,CZ,DK,DO,DE,EC,EE,SV,FI,FR,GR,GT,HN,HK,HU,IS,IE,IT,LV,LT,LU,MY,MT,MX,NL,NZ,NI,NO,PA,PY,PE,PH,PL,PT,SG,SK,ES,SE,CH,TW,TR,UY,US,GB,AD,LI,MC,ID,TH,VN,RO,IL,ZA,SA,AE,BH,QA,OM,KW,EG,MA,DZ,TN,LB,JO,PS,IN,BY,KZ,MD,UA,AL,BA,HR,ME,MK,RS,SI,KR,BD,PK,LK,GH,KE,NG,TZ,UG,AG,AM,BS,BB,BZ,BT,BW,BF,CV,CW,DM,FJ,GM,GE,GD,GW,GY,HT,JM,KI,LS,LR,MW,MV,ML,MH,FM,NA,NR,NE,PW,PG,PR,WS,SM,ST,SN,SC,SL,SB,KN,LC,VC,SR,TL,TO,TT,TV,VU,AZ,BN,BI,KH,CM,TD,KM,GQ,SZ,GA,GN,KG,LA,MO,MR,MN,NP,RW,TG,UZ,ZW,BJ,MG,MU,MZ,AO,CI,DJ,ZM,CD,CG,IQ,LY,TJ,VE,ET,XK",1.0,14.0,https://api.spotify.com/v1/tracks/1Ofar7nEADge5tb0jBynGm,spotify:track:1Ofar7nEADge5tb0jBynGm,{'isrc': 'JPC540901053'},None,None
Doble Vaso,VGLY,73,161494,album,17,5/25/2023,True,https://i.scdn.co/image/ab67616d0000b2732c02ad13a25d45e520ca80e4,6JDrRDk2NGO4EfpMygsKHL,6z9cm0EATRkbSW2ZMf9Ayw,2022-01-21,,https://open.spotify.com/track/6JDrRDk2NGO4EfpMygsKHL,,"AR,AU,AT,BE,BO,BR,BG,CA,CL,CO,CR,CY,CZ,DK,DO,DE,EC,EE,SV,FI,FR,GR,GT,HN,HK,HU,IS,IE,IT,LV,LT,LU,MY,MT,MX,NL,NZ,NI,NO,PA,PY,PE,PH,PL,PT,SG,SK,ES,SE,CH,TW,TR,UY,US,GB,AD,LI,MC,ID,JP,TH,VN,RO,IL,ZA,SA,AE,BH,QA,OM,KW,EG,MA,DZ,TN,LB,JO,PS,IN,BY,KZ,MD,UA,AL,BA,HR,ME,MK,RS,SI,KR,BD,PK,LK,GH,KE,NG,TZ,UG,AG,AM,BS,BB,BZ,BT,BW,BF,CV,CW,DM,FJ,GM,GE,GD,GW,GY,HT,JM,KI,LS,LR,MW,MV,ML,MH,FM,NA,NR,NE,PW,PG,PR,WS,SM,ST,SN,SC,SL,SB,KN,LC,VC,SR,TL,TO,TT,TV,VU,AZ,BN,BI,KH,CM,TD,KM,GQ,SZ,GA,GN,KG,LA,MO,MR,MN,NP,RW,TG,UZ,ZW,BJ,MG,MU,MZ,AO,CI,DJ,ZM,CD,CG,IQ,LY,TJ,VE,ET,XK",1.0,9.0,https://api.spotify.com/v1/tracks/6JDrRDk2NGO4EfpMygsKHL,spotify:track:6JDrRDk2NGO4EfpMygsKHL,{'isrc': 'US3DF2205355'},None,None
ChupÃ³n,Various Artists,79,201084,single,1,8/25/2023,False,https://i.scdn.co/image/ab67616d0000b273ec0dfdf8d867011a8aea8a84,3phvfPBnIy3jS1gn613TPW,4K0lDYwwH1vDHSsyYU36JH,2023-02-24,,https://open.spotify.com/track/3phvfPBnIy3jS1gn613TPW,,"AR,AU,AT,BE,BO,BR,BG,CA,CL,CO,CR,CY,CZ,DK,DO,DE,EC,EE,SV,FI,FR,GR,GT,HN,HK,HU,IS,IE,IT,LV,LT,LU,MY,MT,MX,NL,NZ,NI,NO,PA,PY,PE,PH,PL,PT,SG,SK,ES,SE,CH,TW,TR,UY,US,GB,AD,LI,MC,ID,JP,TH,VN,RO,IL,ZA,SA,AE,BH,QA,OM,KW,EG,MA,DZ,TN,LB,JO,PS,IN,BY,KZ,MD,UA,AL,BA,HR,ME,MK,RS,SI,KR,BD,PK,LK,GH,KE,NG,TZ,UG,AG,AM,BS,BB,BZ,BT,BW,BF,CV,CW,DM,FJ,GM,GE,GD,GW,GY,HT,JM,KI,LS,LR,MW,MV,ML,MH,FM,NA,NR,NE,PW,PG,PR,WS,SM,ST,SN,SC,SL,SB,KN,LC,VC,SR,TL,TO,TT,TV,VU,AZ,BN,BI,KH,CM,TD,KM,GQ,SZ,GA,GN,KG,LA,MO,MR,MN,NP,RW,TG,UZ,ZW,BJ,MG,MU,MZ,AO,CI,DJ,ZM,CD,CG,IQ,LY,TJ,VE,ET,XK",1.0,1.0,https://api.spotify.com/v1/tracks/3phvfPBnIy3jS1gn613TPW,spotify:track:3phvfPBnIy3jS1gn613TPW,{'isrc': 'BX4IU2307778'},None,None
CHUPON,Various Artists,0,201084,single,1,8/25/2023,False,https://i.scdn.co/image/ab67616d0000b2733413d1449b6ad8cc59e10d62,7v4JGOsUkblqcvOJ0YpNUU,6iZo2sL8hRlzjikyJn5vyh,2023-08-25,,https://open.spotify.com/track/7v4JGOsUkblqcvOJ0YpNUU,,"AR,AU,AT,BE,BO,BR,BG,CA,CL,CO,CR,CY,CZ,DK,DO,DE,EC,EE,SV,FI,FR,GR,GT,HN,HK,HU,IS,IE,IT,LV,LT,LU,MY,MT,MX,NL,NZ,NI,NO,PA,PY,PE,PH,PL,PT,SG,SK,ES,SE,CH,TW,TR,UY,US,GB,AD,LI,MC,ID,JP,TH,VN,RO,IL,ZA,SA,AE,BH,QA,OM,KW,EG,MA,DZ,TN,LB,JO,PS,IN,KZ,MD,UA,AL,BA,HR,ME,MK,RS,SI,KR,BD,PK,LK,GH,KE,NG,TZ,UG,AG,AM,BS,BB,BZ,BT,BW,BF,CV,CW,DM,FJ,GM,GE,GD,GW,GY,HT,JM,KI,LS,LR,MW,MV,ML,MH,FM,NA,NR,NE,PW,PG,PR,WS,SM,ST,SN,SC,SL,SB,KN,LC,VC,SR,TL,TO,TT,TV,VU,AZ,BN,BI,KH,CM,TD,KM,GQ,SZ,GA,GN,KG,LA,MO,MR,MN,NP,RW,TG,UZ,ZW,BJ,MG,MU,MZ,AO,CI,DJ,ZM,CD,CG,IQ,LY,TJ,VE,ET,XK",1.0,1.0,https://api.spotify.com/v1/tracks/7v4JGOsUkblqcvOJ0YpNUU,spotify:track:7v4JGOsUkblqcvOJ0YpNUU,{'isrc': 'PYC842302802'},None,None
La diabla,Adrian Perez,0,172268,single,1,12/5/2023,True,https://i.scdn.co/image/ab67616d0000b2732117d66262b00aa6b11e96f4,252UPuQsncbBFhTrx4Ytcc,6a3RDPcFamZvFCi8VeXWkK,2012-08-27,,https://open.spotify.com/track/252UPuQsncbBFhTrx4Ytcc,,"AR,AU,AT,BE,BO,BR,BG,CA,CL,CO,CR,CY,CZ,DK,DO,DE,EC,EE,SV,FI,FR,GR,GT,HN,HK,HU,IS,IE,IT,LV,LT,LU,MY,MT,MX,NL,NZ,NI,NO,PA,PY,PE,PH,PL,PT,SG,SK,ES,SE,CH,TW,TR,UY,US,GB,AD,LI,MC,ID,JP,TH,VN,RO,IL,ZA,SA,AE,BH,QA,OM,KW,EG,MA,DZ,TN,LB,JO,PS,IN,BY,KZ,MD,UA,AL,BA,HR,ME,MK,RS,SI,KR,BD,PK,LK,GH,KE,NG,TZ,UG,AG,AM,BS,BB,BZ,BT,BW,BF,CV,CW,DM,FJ,GM,GE,GD,GW,GY,HT,JM,KI,LS,LR,MW,MV,ML,MH,FM,NA,NR,NE,PW,PG,PR,WS,SM,ST,SN,SC,SL,SB,KN,LC,VC,SR,TL,TO,TT,TV,VU,AZ,BN,BI,KH,CM,TD,KM,GQ,SZ,GA,GN,KG,LA,MO,MR,MN,NP,RW,TG,UZ,ZW,BJ,MG,MU,MZ,AO,CI,DJ,ZM,CD,CG,IQ,LY,TJ,VE,ET,XK",1.0,2.0,https://api.spotify.com/v1/tracks/252UPuQsncbBFhTrx4Ytcc,spotify:track:252UPuQsncbBFhTrx4Ytcc,{'isrc': 'USSD11100311'},None,None
Ven A Cantar,Elenco De Eterna Navidad,72,239800,compilation,10,1/1/1986,False,https://i.scdn.co/image/ab67616d0000b273d1d9c74bb5c781be616af476,6iNAD4O4N8hLOJPGTd48zM,3fc05JQrTbRet1S6MmIhlU,1992,,https://open.spotify.com/track/6iNAD4O4N8hLOJPGTd48zM,,"AR,AU,AT,BE,BO,BR,BG,CA,CL,CO,CR,CY,CZ,DK,DO,DE,EC,EE,SV,FI,FR,GR,GT,HN,HK,HU,IS,IE,IT,LV,LT,LU,MY,MT,MX,NL,NZ,NI,NO,PA,PY,PE,PH,PL,PT,SG,SK,ES,SE,CH,TW,TR,UY,US,GB,AD,LI,MC,ID,JP,TH,VN,RO,IL,ZA,SA,AE,BH,QA,OM,KW,EG,MA,DZ,TN,JO,PS,IN,BY,KZ,MD,UA,AL,BA,HR,ME,MK,RS,SI,KR,BD,PK,LK,GH,KE,NG,TZ,UG,AG,AM,BS,BB,BZ,BT,BW,BF,CV,CW,DM,FJ,GM,GE,GD,GW,GY,HT,JM,KI,LS,LR,MW,MV,ML,MH,FM,NA,NR,NE,PW,PG,PR,WS,SM,ST,SN,SC,SL,SB,KN,LC,VC,SR,TL,TO,TT,TV,VU,AZ,BN,BI,KH,CM,TD,KM,GQ,SZ,GA,GN,KG,LA,MO,MR,MN,NP,RW,TG,UZ,ZW,BJ,MG,MU,MZ,AO,CI,DJ,ZM,CD,CG,LY,TJ,VE,ET,XK",1.0,14.0,https://api.spotify.com/v1/tracks/6iNAD4O4N8hLOJPGTd48zM,spotify:track:6iNAD4O4N8hLOJPGTd48zM,{'isrc': 'FR10S1579420'},None,None
Arre Borriquito,Elenco De Eterna Navidad,70,170320,compilation,10,1/1/1986,False,https://i.scdn.co/image/ab67616d0000b273d1d9c74bb5c781be616af476,5gtYBl0vEpgWwCs6z4iQOn,4lgM2Xni8CCahiPsiwNGgV,2019-11-06,,https://open.spotify.com/track/5gtYBl0vEpgWwCs6z4iQOn,,"AR,AU,AT,BE,BO,BR,BG,CA,CL,CO,CR,CY,CZ,DK,DO,DE,EC,EE,SV,FI,FR,GR,GT,HN,HK,HU,IS,IE,IT,LV,LT,LU,MY,MT,MX,NL,NZ,NI,NO,PA,PY,PE,PH,PL,PT,SG,SK,ES,SE,CH,TW,TR,UY,US,GB,AD,LI,MC,ID,JP,TH,VN,RO,IL,ZA,SA,AE,BH,QA,OM,KW,EG,MA,DZ,TN,LB,JO,PS,IN,BY,KZ,MD,UA,AL,BA,HR,ME,MK,RS,SI,KR,BD,PK,LK,GH,KE,NG,TZ,UG,AG,AM,BS,BB,BZ,BT,BW,BF,CV,CW,DM,FJ,GM,GE,GD,GW,GY,HT,JM,KI,LS,LR,MW,MV,ML,MH,FM,NA,NR,NE,PW,PG,PR,WS,SM,ST,SN,SC,SL,SB,KN,LC,VC,SR,TL,TO,TT,TV,VU,AZ,BN,BI,KH,CM,TD,KM,GQ,SZ,GA,GN,KG,LA,MO,MR,MN,NP,RW,TG,UZ,ZW,BJ,MG,MU,MZ,AO,CI,DJ,ZM,CD,CG,IQ,LY,TJ,VE,ET,XK",1.0,1.0,https://api.spotify.com/v1/tracks/5gtYBl0vEpgWwCs6z4iQOn,spotify:track:5gtYBl0vEpgWwCs6z4iQOn,{'isrc': 'COC011933419'},None,None
Campana Sobre Campana,Elenco De Eterna Navidad,69,158880,compilation,10,1/1/1986,False,https://i.scdn.co/image/ab67616d0000b273d1d9c74bb5c781be616af476,5qgiVAk73dupIm2hpVtHpU,5IZwLLJmQ42PErhpap5T5Z,2019-11-15,,https://open.spotify.com/track/5qgiVAk73dupIm2hpVtHpU,,"AR,AU,AT,BE,BO,BR,BG,CA,CL,CO,CR,CY,CZ,DK,DO,DE,EC,EE,SV,FI,FR,GR,GT,HN,HK,HU,IS,IE,IT,LV,LT,LU,MY,MT,MX,NL,NZ,NI,NO,PA,PY,PE,PH,PL,PT,SG,SK,ES,SE,CH,TW,TR,UY,US,GB,AD,LI,MC,ID,JP,TH,VN,RO,IL,ZA,SA,AE,BH,QA,OM,KW,EG,MA,DZ,TN,LB,JO,PS,IN,BY,KZ,MD,UA,AL,BA,HR,ME,MK,RS,SI,KR,BD,PK,LK,GH,KE,NG,TZ,UG,AG,AM,BS,BB,BZ,BT,BW,BF,CV,CW,DM,FJ,GM,GE,GD,GW,GY,HT,JM,KI,LS,LR,MW,MV,ML,MH,FM,NA,NR,NE,PW,PG,PR,WS,SM,ST,SN,SC,SL,SB,KN,LC,VC,SR,TL,TO,TT,TV,VU,AZ,BN,BI,KH,CM,TD,KM,GQ,SZ,GA,GN,KG,LA,MO,MR,MN,NP,RW,TG,UZ,ZW,BJ,MG,MU,MZ,AO,CI,DJ,ZM,CD,CG,IQ,LY,TJ,VE,ET,XK",1.0,1.0,https://api.spotify.com/v1/tracks/5qgiVAk73dupIm2hpVtHpU,spotify:track:5qgiVAk73dupIm2hpVtHpU,{'isrc': 'ARJ431900067'},None,None
Los Peces En El Rio,Elenco De Eterna Navidad,69,190640,compilation,10,1/1/1986,False,https://i.scdn.co/image/ab67616d0000b273d1d9c74bb5c781be616af476,7ajc5NF5Myii7u0k57SPoo,1zdL9jqOnKrsVgtAyfsVHR,2023-12-12,,https://open.spotify.com/track/7ajc5NF5Myii7u0k57SPoo,,"AR,AU,AT,BE,BO,BR,BG,CA,CL,CO,CR,CY,CZ,DK,DO,DE,EC,EE,SV,FI,FR,GR,GT,HN,HK,HU,IS,IE,IT,LV,LT,LU,MY,MT,MX,NL,NZ,NI,NO,PA,PY,PE,PH,PL,PT,SG,SK,ES,SE,CH,TW,TR,UY,US,GB,AD,LI,MC,ID,JP,TH,VN,RO,IL,ZA,SA,AE,BH,QA,OM,KW,EG,MA,DZ,TN,LB,JO,PS,IN,BY,KZ,MD,UA,AL,BA,HR,ME,MK,RS,SI,KR,BD,PK,LK,GH,KE,NG,TZ,UG,AG,AM,BS,BB,BZ,BT,BW,BF,CV,CW,DM,FJ,GM,GE,GD,GW,GY,HT,JM,KI,LS,LR,MW,MV,ML,MH,FM,NA,NR,NE,PW,PG,PR,WS,SM,ST,SN,SC,SL,SB,KN,LC,VC,SR,TL,TO,TT,TV,VU,AZ,BN,BI,KH,CM,TD,KM,GQ,SZ,GA,GN,KG,LA,MO,MR,MN,NP,RW,TG,UZ,ZW,BJ,MG,MU,MZ,AO,CI,DJ,ZM,CD,CG,IQ,LY,TJ,VE,ET,XK",1.0,1.0,https://api.spotify.com/v1/tracks/7ajc5NF5Myii7u0k57SPoo,spotify:track:7ajc5NF5Myii7u0k57SPoo,{'isrc': 'QZWFM2382405'},None,None
Seven (feat. Latto) (Instrumental),Jung Kook & Latto & BTS,77,184240,single,3,7/14/2023,False,https://i.scdn.co/image/ab67616d0000b273bf5cce5a0e1ed03a626bdd74,2D9mO7arRSeHAEHNVAacaA,53985D8g3JcGBoULSOYYKX,2023-07-14,,https://open.spotify.com/track/2D9mO7arRSeHAEHNVAacaA,,"AR,AU,AT,BE,BO,BR,BG,CA,CL,CO,CR,CY,CZ,DK,DO,DE,EC,EE,SV,FI,FR,GR,GT,HN,HK,HU,IS,IE,IT,LV,LT,LU,MY,MT,MX,NL,NZ,NI,NO,PA,PY,PE,PH,PL,PT,SG,SK,ES,SE,CH,TW,TR,UY,US,GB,AD,LI,MC,ID,JP,TH,VN,RO,IL,ZA,SA,AE,BH,QA,OM,KW,EG,MA,DZ,TN,LB,JO,PS,IN,BY,KZ,MD,UA,AL,BA,HR,ME,MK,RS,SI,KR,BD,PK,LK,GH,KE,NG,TZ,UG,AG,AM,BS,BB,BZ,BT,BW,BF,CV,CW,DM,FJ,GM,GE,GD,GW,GY,HT,JM,KI,LS,LR,MW,MV,ML,MH,FM,NA,NR,NE,PW,PG,PR,WS,SM,ST,SN,SC,SL,SB,KN,LC,VC,SR,TL,TO,TT,TV,VU,AZ,BN,BI,KH,CM,TD,KM,GQ,SZ,GA,GN,KG,LA,MO,MR,MN,NP,RW,TG,UZ,ZW,BJ,MG,MU,MZ,AO,CI,DJ,ZM,CD,CG,IQ,LY,TJ,VE,ET,XK",1.0,3.0,https://api.spotify.com/v1/tracks/2D9mO7arRSeHAEHNVAacaA,spotify:track:2D9mO7arRSeHAEHNVAacaA,{'isrc': 'USA2P2335050'},None,None
"Smoke (Prod. Dynamicduo, Padi)",Various Artists,45,209546,single,4,9/5/2023,False,https://i.scdn.co/image/ab67616d0000b2734c0f17fbae890e66fe861b29,1qRfAvzRIJQodWKBNFAb6C,3fifgTm6PcVhHE9v72nlCb,2023-09-05,,https://open.spotify.com/track/1qRfAvzRIJQodWKBNFAb6C,,"AR,AU,AT,BE,BO,BR,BG,CA,CL,CO,CR,CY,CZ,DK,DO,DE,EC,EE,SV,FI,FR,GR,GT,HN,HK,HU,IS,IE,IT,LV,LT,LU,MY,MT,MX,NL,NZ,NI,NO,PA,PY,PE,PH,PL,PT,SG,SK,ES,SE,CH,TW,TR,UY,US,GB,AD,LI,MC,ID,JP,TH,VN,RO,IL,ZA,SA,AE,BH,QA,OM,KW,EG,MA,DZ,TN,LB,JO,PS,IN,BY,KZ,MD,UA,AL,BA,HR,ME,MK,RS,SI,KR,BD,PK,LK,GH,KE,NG,TZ,UG,AG,AM,BS,BB,BZ,BT,BW,BF,CV,CW,DM,FJ,GM,GE,GD,GW,GY,HT,JM,KI,LS,LR,MW,MV,ML,MH,FM,NA,NR,NE,PW,PG,PR,WS,SM,ST,SN,SC,SL,SB,KN,LC,VC,SR,TL,TO,TT,TV,VU,AZ,BN,BI,KH,CM,TD,KM,GQ,SZ,GA,GN,KG,LA,MO,MR,MN,NP,RW,TG,UZ,ZW,BJ,MG,MU,MZ,AO,CI,DJ,ZM,CD,CG,IQ,LY,TJ,VE,ET,XK",1.0,1.0,https://api.spotify.com/v1/tracks/1qRfAvzRIJQodWKBNFAb6C,spotify:track:1qRfAvzRIJQodWKBNFAb6C,{'isrc': 'KRA492300792'},None,None
Click Like (Prod. Crush) (Feat. Paul Blanco),Various Artists,46,165986,single,4,9/5/2023,False,https://i.scdn.co/image/ab67616d0000b2734c0f17fbae890e66fe861b29,3uzUBVCNTdVnmJMumFA4Ce,3fifgTm6PcVhHE9v72nlCb,2023-09-05,,https://open.spotify.com/track/3uzUBVCNTdVnmJMumFA4Ce,,"AR,AU,AT,BE,BO,BR,BG,CA,CL,CO,CR,CY,CZ,DK,DO,DE,EC,EE,SV,FI,FR,GR,GT,HN,HK,HU,IS,IE,IT,LV,LT,LU,MY,MT,MX,NL,NZ,NI,NO,PA,PY,PE,PH,PL,PT,SG,SK,ES,SE,CH,TW,TR,UY,US,GB,AD,LI,MC,ID,JP,TH,VN,RO,IL,ZA,SA,AE,BH,QA,OM,KW,EG,MA,DZ,TN,LB,JO,PS,IN,BY,KZ,MD,UA,AL,BA,HR,ME,MK,RS,SI,KR,BD,PK,LK,GH,KE,NG,TZ,UG,AG,AM,BS,BB,BZ,BT,BW,BF,CV,CW,DM,FJ,GM,GE,GD,GW,GY,HT,JM,KI,LS,LR,MW,MV,ML,MH,FM,NA,NR,NE,PW,PG,PR,WS,SM,ST,SN,SC,SL,SB,KN,LC,VC,SR,TL,TO,TT,TV,VU,AZ,BN,BI,KH,CM,TD,KM,GQ,SZ,GA,GN,KG,LA,MO,MR,MN,NP,RW,TG,UZ,ZW,BJ,MG,MU,MZ,AO,CI,DJ,ZM,CD,CG,IQ,LY,TJ,VE,ET,XK",1.0,2.0,https://api.spotify.com/v1/tracks/3uzUBVCNTdVnmJMumFA4Ce,spotify:track:3uzUBVCNTdVnmJMumFA4Ce,{'isrc': 'KRA492300774'},None,None
Deseydin AnlardÄ±m,EDES,1,150857,single,1,9/27/2023,False,https://i.scdn.co/image/ab67616d0000b273cb9b5d191915310720caeeb0,,,,,,,,,,,,,,
Standing Next to You - Sped Up - Remix,Beat Record,0,211104,album,10,2/28/2024,True,https://i.scdn.co/image/ab67616d0000b2737f1e7657db33ae105e3c647c,,,,,,,,,,,,,,
No Tomorrow - Spotify Singles,Various Artists,30,308000,single,1,4/5/2024,False,https://i.scdn.co/image/ab67616d0000b273865ce5a4aca1b2ac86432f9a,5eC84hN3UbRhSfnJLdUNLv,37FotBNUfhWIHHX0BVCYw7,2024-04-05,,https://open.spotify.com/track/5eC84hN3UbRhSfnJLdUNLv,,"AR,AU,AT,BE,BO,BR,BG,CA,CL,CO,CR,CY,CZ,DK,DO,DE,EC,EE,SV,FI,FR,GR,GT,HN,HK,HU,IS,IE,IT,LV,LT,LU,MY,MT,MX,NL,NZ,NI,NO,PA,PY,PE,PH,PL,PT,SG,SK,ES,SE,CH,TW,TR,UY,US,GB,AD,LI,MC,ID,JP,TH,VN,RO,IL,ZA,SA,AE,BH,QA,OM,KW,EG,MA,DZ,TN,LB,JO,PS,IN,BY,KZ,MD,UA,AL,BA,HR,ME,MK,RS,SI,KR,BD,PK,LK,GH,KE,NG,TZ,UG,AG,AM,BS,BB,BZ,BT,BW,BF,CV,CW,DM,FJ,GM,GE,GD,GW,GY,HT,JM,KI,LS,LR,MW,MV,ML,MH,FM,NA,NR,NE,PW,PG,PR,WS,SM,ST,SN,SC,SL,SB,KN,LC,VC,SR,TL,TO,TT,TV,VU,AZ,BN,BI,KH,CM,TD,KM,GQ,SZ,GA,GN,KG,LA,MO,MR,MN,NP,RW,TG,UZ,ZW,BJ,MG,MU,MZ,AO,CI,DJ,ZM,CD,CG,IQ,LY,TJ,VE,ET,XK",1.0,1.0,https://api.spotify.com/v1/tracks/5eC84hN3UbRhSfnJLdUNLv,spotify:track:5eC84hN3UbRhSfnJLdUNLv,{'isrc': 'KSA002400773'},None,None
Supernova,aespa & Grimes & Flava D,0,178880,single,6,9/20/2024,False,https://i.scdn.co/image/ab67616d0000b27311b2619b6939eff2c1dc144f,2VdSktBqFfkW7y6q5Ik4Z4,3gHhPm8z8tid1kvpniUKuK,2024-05-27,,https://open.spotify.com/track/2VdSktBqFfkW7y6q5Ik4Z4,,"AG,BB,BG,BS,DM,DO,GD,HK,HT,ID,IL,JM,KE,KH,KN,KR,LC,MO,MU,MY,MZ,PH,SG,TH,TT,TW,TZ,UA,UG,VC,VN,ZM",1.0,1.0,https://api.spotify.com/v1/tracks/2VdSktBqFfkW7y6q5Ik4Z4,spotify:track:2VdSktBqFfkW7y6q5Ik4Z4,{'isrc': 'KRA302400090'},None,None
Armageddon,aespa & Grimes & Flava D,0,196466,single,6,9/20/2024,False,https://i.scdn.co/image/ab67616d0000b27311b2619b6939eff2c1dc144f,5eWcGfUCrVFMoYskyfkEPE,3gHhPm8z8tid1kvpniUKuK,2024-05-27,,https://open.spotify.com/track/5eWcGfUCrVFMoYskyfkEPE,,"AG,BB,BG,BS,DM,DO,GD,HK,HT,ID,IL,JM,KE,KH,KN,KR,LC,MO,MU,MY,MZ,PH,SG,TH,TT,TW,TZ,UA,UG,VC,VN,ZM",1.0,2.0,https://api.spotify.com/v1/tracks/5eWcGfUCrVFMoYskyfkEPE,spotify:track:5eWcGfUCrVFMoYskyfkEPE,{'isrc': 'KRA302400093'},None,None
ë?¹ì??ë?´ë ¤ì?? Melt Down,DAY6,55,165587,single,8,9/2/2024,False,https://i.scdn.co/image/ab67616d0000b27342e0fe9e101c705fe7edf5a2,,,,,,,,,,,,,,
í?? í??ì´ì§?ê°? ë  ì?? ì??ê²?,DAY6,52,205575,single,6,7/15/2019,False,https://i.scdn.co/image/ab67616d0000b27380c0a2d0bf89e3707b6365c4,5cml547MByVlaVrKU2lJTg,72I8w6JUIlEKRuoUIwxWmE,2022-01-30,,https://open.spotify.com/track/5cml547MByVlaVrKU2lJTg,,"AR,AU,AT,BE,BO,BR,BG,CA,CL,CO,CR,CY,CZ,DK,DO,DE,EC,EE,SV,FI,FR,GR,GT,HN,HK,HU,IS,IE,IT,LV,LT,LU,MY,MT,MX,NL,NZ,NI,NO,PA,PY,PE,PH,PL,PT,SG,SK,ES,SE,CH,TW,TR,UY,US,GB,AD,LI,MC,ID,JP,TH,VN,RO,IL,ZA,SA,AE,BH,QA,OM,KW,EG,MA,DZ,TN,LB,JO,PS,IN,BY,KZ,MD,UA,AL,BA,HR,ME,MK,RS,SI,KR,BD,PK,LK,GH,KE,NG,TZ,UG,AG,AM,BS,BB,BZ,BT,BW,BF,CV,CW,DM,FJ,GM,GE,GD,GW,GY,HT,JM,KI,LS,LR,MW,MV,ML,MH,FM,NA,NR,NE,PW,PG,PR,WS,SM,ST,SN,SC,SL,SB,KN,LC,VC,SR,TL,TO,TT,TV,VU,AZ,BN,BI,KH,CM,TD,KM,GQ,SZ,GA,GN,KG,LA,MO,MR,MN,NP,RW,TG,UZ,ZW,BJ,MG,MU,MZ,AO,CI,DJ,ZM,CD,CG,IQ,LY,TJ,VE,ET,XK",1.0,1.0,https://api.spotify.com/v1/tracks/5cml547MByVlaVrKU2lJTg,spotify:track:5cml547MByVlaVrKU2lJTg,{'isrc': 'FR10S2248479'},None,None
DEMO #5: nostalgIA - Spanglish Version,FlowGPT,39,220405,single,1,10/17/2023,True,https://i.scdn.co/image/ab67616d0000b2737f0733bdb8accc18671c3264,,,,,,,,,,,,,,
Probemas Mentales,JZAEB & Eix,55,229151,single,1,2/29/2024,True,https://i.scdn.co/image/ab67616d0000b27309514b4527862574f3c45ce7,,,,,,,,,,,,,,
"VVS Switch (feat. Hades66, Luar La L & CDobleta) - Remix",Pressure 9X19 & Anuel AA & YOVNGCHIMI,67,555071,single,1,3/15/2024,True,https://i.scdn.co/image/ab67616d0000b273a1d460f51f7ab90e95db42bf,,,,,,,,,,,,,,
Fecha - Intro Extended,Renzo Pianciola,0,189802,single,1,4/17/2024,False,https://i.scdn.co/image/ab67616d0000b27318898cdf4665cf437d06ae5d,,,,,,,,,,,,,,
Maquillaje - Remix,refracted arg,0,207342,album,7,4/18/2024,False,https://i.scdn.co/image/ab67616d0000b2732f31509c55cab57ccf9a7c82,1eMXh9WqMtnmeyZnig2NUA,59Ji10hPziKlf6wB8N2KFZ,2024-05-30,,https://open.spotify.com/track/1eMXh9WqMtnmeyZnig2NUA,,"AR,AU,AT,BE,BO,BR,BG,CA,CL,CO,CR,CY,CZ,DK,DO,DE,EC,EE,SV,FI,FR,GR,GT,HN,HK,HU,IS,IE,IT,LV,LT,LU,MY,MT,MX,NL,NZ,NI,NO,PA,PY,PE,PH,PL,PT,SG,SK,ES,SE,CH,TW,TR,UY,US,GB,AD,LI,MC,ID,JP,TH,VN,RO,IL,ZA,SA,AE,BH,QA,OM,KW,EG,MA,DZ,TN,LB,JO,PS,IN,KZ,MD,UA,AL,BA,HR,ME,MK,RS,SI,KR,BD,PK,LK,GH,KE,NG,TZ,UG,AG,AM,BS,BB,BZ,BT,BW,BF,CV,CW,DM,FJ,GM,GE,GD,GW,GY,HT,JM,KI,LS,LR,MW,MV,ML,MH,FM,NA,NR,NE,PW,PG,PR,WS,SM,ST,SN,SC,SL,SB,KN,LC,VC,SR,TL,TO,TT,TV,VU,AZ,BN,BI,KH,CM,TD,KM,GQ,SZ,GA,GN,KG,LA,MO,MR,MN,NP,RW,TG,UZ,ZW,BJ,MG,MU,MZ,AO,CI,DJ,ZM,CD,CG,IQ,LY,TJ,VE,ET,XK",1.0,1.0,https://api.spotify.com/v1/tracks/1eMXh9WqMtnmeyZnig2NUA,spotify:track:1eMXh9WqMtnmeyZnig2NUA,{'isrc': 'USWL12401687'},None,None
Hay Lupita,Megan Koffe,55,108855,single,1,6/19/2024,True,https://i.scdn.co/image/ab67616d0000b2730130db7ff5e5d7ed022e8380,5jFA0f4ZDGLbQP4nxzL8D4,2VOwmlyJzRjfMfofsNHTtR,2024-03-28,,https://open.spotify.com/track/5jFA0f4ZDGLbQP4nxzL8D4,,"AR,AU,AT,BE,BO,BR,BG,CA,CL,CO,CR,CY,CZ,DK,DO,DE,EC,EE,SV,FI,FR,GR,GT,HN,HK,HU,IS,IE,IT,LV,LT,LU,MY,MT,MX,NL,NZ,NI,NO,PA,PY,PE,PH,PL,PT,SG,SK,ES,SE,CH,TW,TR,UY,US,GB,AD,LI,MC,ID,JP,TH,VN,RO,IL,ZA,SA,AE,BH,QA,OM,KW,EG,MA,DZ,TN,LB,JO,PS,IN,BY,KZ,MD,UA,AL,BA,HR,ME,MK,RS,SI,KR,BD,PK,LK,GH,KE,NG,TZ,UG,AG,AM,BS,BB,BZ,BT,BW,BF,CV,CW,DM,FJ,GM,GE,GD,GW,GY,HT,JM,KI,LS,LR,MW,MV,ML,MH,FM,NA,NR,NE,PW,PG,PR,WS,SM,ST,SN,SC,SL,SB,KN,LC,VC,SR,TL,TO,TT,TV,VU,AZ,BN,BI,KH,CM,TD,KM,GQ,SZ,GA,GN,KG,LA,MO,MR,MN,NP,RW,TG,UZ,ZW,BJ,MG,MU,MZ,AO,CI,DJ,ZM,CD,CG,IQ,LY,TJ,VE,ET,XK",1.0,1.0,https://api.spotify.com/v1/tracks/5jFA0f4ZDGLbQP4nxzL8D4,spotify:track:5jFA0f4ZDGLbQP4nxzL8D4,{'isrc': 'QZHNA2429530'},None,None
El Destello,Juanjo Bona & Martin Urrutia,57,160684,single,1,10/3/2024,False,https://i.scdn.co/image/ab67616d0000b273a2dc25caa7cee5c5494bca11,5XgpyZKlul5fQvf6D1ksEl,6uk6dq3iuhlE1kcVQ3YwDI,2017-12-03,,https://open.spotify.com/track/5XgpyZKlul5fQvf6D1ksEl,,"AR,AU,AT,BE,BO,BR,BG,CA,CL,CO,CR,CY,CZ,DK,DO,DE,EC,EE,SV,FI,FR,GR,GT,HN,HK,HU,IS,IE,IT,LV,LT,LU,MY,MT,MX,NL,NZ,NI,NO,PA,PY,PE,PH,PL,PT,SG,SK,ES,SE,CH,TW,TR,UY,US,GB,AD,LI,MC,ID,JP,TH,VN,RO,IL,ZA,SA,AE,BH,QA,OM,KW,EG,MA,DZ,TN,LB,JO,PS,IN,BY,KZ,MD,UA,AL,BA,HR,ME,MK,RS,SI,KR,BD,PK,LK,GH,KE,NG,TZ,UG,AG,AM,BS,BB,BZ,BT,BW,BF,CV,CW,DM,FJ,GM,GE,GD,GW,GY,HT,JM,KI,LS,LR,MW,MV,ML,MH,FM,NA,NR,NE,PW,PG,PR,WS,SM,ST,SN,SC,SL,SB,KN,LC,VC,SR,TL,TO,TT,TV,VU,AZ,BN,BI,KH,CM,TD,KM,GQ,SZ,GA,GN,KG,LA,MO,MR,MN,NP,RW,TG,UZ,ZW,BJ,MG,MU,MZ,AO,CI,DJ,ZM,CD,CG,IQ,LY,TJ,VE,ET,XK",1.0,13.0,https://api.spotify.com/v1/tracks/5XgpyZKlul5fQvf6D1ksEl,spotify:track:5XgpyZKlul5fQvf6D1ksEl,{'isrc': 'FRX281730079'},None,None
Love Me Do - 1962 Single Version / 2022 Remaster,The Beatles,0,143266,single,2,11/2/2023,False,https://i.scdn.co/image/ab67616d0000b273f7828465d0407b82dcf7f57e,,,,,,,,,,,,,,
Canâ??t Catch Me Now - from The Hunger Games: The Ballad of Songbirds & Snakes,Olivia Rodrigo & Rachel Zegler & Flatland Cavalry,34,205483,album,17,11/17/2023,False,https://i.scdn.co/image/ab67616d0000b27322ad9f1afdbeeceaf0c91686,,,,,,,,,,,,,,
Ooh La La,Juliera,61,207000,single,1,12/1/2023,False,https://i.scdn.co/image/ab67616d0000b273af80c6d900087a9729fa30f2,7bpvfjoneSQvW0tbtVm1Jk,7qMTrZjF1sh0rujrgczf8P,2013-06-17,,https://open.spotify.com/track/7bpvfjoneSQvW0tbtVm1Jk,,"AR,AU,AT,BE,BO,BR,BG,CA,CL,CO,CR,CY,CZ,DK,DO,DE,EC,EE,SV,FI,FR,GR,GT,HN,HK,HU,IS,IE,IT,LV,LT,LU,MY,MT,MX,NL,NZ,NI,NO,PA,PY,PE,PH,PL,PT,SG,SK,ES,SE,CH,TW,TR,UY,US,AD,LI,MC,ID,JP,TH,VN,RO,IL,ZA,SA,AE,BH,QA,OM,KW,EG,MA,DZ,TN,LB,JO,PS,IN,BY,KZ,MD,UA,AL,BA,HR,ME,MK,RS,SI,KR,BD,PK,LK,GH,KE,NG,TZ,UG,AG,AM,BS,BB,BZ,BT,BW,BF,CV,CW,DM,FJ,GM,GE,GD,GW,GY,HT,JM,KI,LS,LR,MW,MV,ML,MH,FM,NA,NR,NE,PW,PG,PR,WS,SM,ST,SN,SC,SL,SB,KN,LC,VC,SR,TL,TO,TT,TV,VU,AZ,BN,BI,KH,CM,TD,KM,GQ,SZ,GA,GN,KG,LA,MO,MR,MN,NP,RW,TG,UZ,ZW,BJ,MG,MU,MZ,AO,CI,DJ,ZM,CD,CG,IQ,LY,TJ,VE,ET,XK",1.0,1.0,https://api.spotify.com/v1/tracks/7bpvfjoneSQvW0tbtVm1Jk,spotify:track:7bpvfjoneSQvW0tbtVm1Jk,{'isrc': 'USRC11300894'},None,None
Someone You Loved,Various Artists,26,179840,compilation,20,8/2/2019,False,https://i.scdn.co/image/ab67616d0000b27351c0a111cfc77a27116e1d1a,7qEHsqek33rTcFNT9PFqLf,5658aM19fA3JVwTK6eQX70,2019-05-17,,https://open.spotify.com/track/7qEHsqek33rTcFNT9PFqLf,,"AR,AU,AT,BE,BO,BR,BG,CA,CL,CO,CR,CY,CZ,DK,DO,DE,EC,EE,SV,FI,FR,GR,GT,HN,HK,HU,IS,IE,IT,LV,LT,LU,MY,MT,MX,NL,NZ,NI,NO,PA,PY,PE,PH,PL,PT,SG,SK,ES,SE,CH,TW,TR,UY,US,GB,AD,LI,MC,ID,JP,TH,VN,RO,IL,ZA,SA,AE,BH,QA,OM,KW,EG,MA,DZ,TN,LB,JO,PS,IN,BY,KZ,MD,UA,AL,BA,HR,ME,MK,RS,SI,KR,BD,PK,LK,GH,KE,NG,TZ,UG,AG,AM,BS,BB,BZ,BT,BW,BF,CV,CW,DM,FJ,GM,GE,GD,GW,GY,HT,JM,KI,LS,LR,MW,MV,ML,MH,FM,NA,NR,NE,PW,PG,WS,SM,ST,SN,SC,SL,SB,KN,LC,VC,SR,TL,TO,TT,TV,VU,AZ,BN,BI,KH,CM,TD,KM,GQ,SZ,GA,GN,KG,LA,MO,MR,MN,NP,RW,TG,UZ,ZW,BJ,MG,MU,MZ,AO,CI,DJ,ZM,CD,CG,IQ,LY,TJ,VE,ET,XK",1.0,4.0,https://api.spotify.com/v1/tracks/7qEHsqek33rTcFNT9PFqLf,spotify:track:7qEHsqek33rTcFNT9PFqLf,{'isrc': 'DEUM71807062'},None,None
GOOD (DON'T DIE),Kanye West & Ty Dolla $ign,76,199440,album,16,2/9/2024,True,https://i.scdn.co/image/ab67616d0000b2735f4d67e6c3d62045e72d3775,7FM0t87KFy3ViLJW5yFxna,5MWXPIyCF4KztRg1f37Ok6,2025-08-29,,https://open.spotify.com/track/7FM0t87KFy3ViLJW5yFxna,,"AR,AU,AT,BE,BO,BR,BG,CA,CL,CO,CR,CY,CZ,DK,DO,DE,EC,EE,SV,FI,FR,GR,GT,HN,HK,HU,IS,IE,IT,LV,LT,LU,MY,MT,MX,NL,NZ,NI,NO,PA,PY,PE,PH,PL,PT,SG,SK,ES,SE,CH,TW,TR,UY,US,GB,AD,LI,MC,ID,JP,TH,VN,RO,IL,ZA,SA,AE,BH,QA,OM,KW,EG,MA,DZ,TN,LB,JO,PS,IN,BY,KZ,MD,UA,AL,BA,HR,ME,MK,RS,SI,KR,BD,PK,LK,GH,KE,NG,TZ,UG,AG,AM,BS,BB,BZ,BT,BW,BF,CV,CW,DM,FJ,GM,GE,GD,GW,GY,HT,JM,KI,LS,LR,MW,MV,ML,MH,FM,NA,NR,NE,PW,PG,PR,WS,SM,ST,SN,SC,SL,SB,KN,LC,VC,SR,TL,TO,TT,TV,VU,AZ,BN,BI,KH,CM,TD,KM,GQ,SZ,GA,GN,KG,LA,MO,MR,MN,NP,RW,TG,UZ,ZW,BJ,MG,MU,MZ,AO,CI,DJ,ZM,CD,CG,IQ,LY,TJ,VE,ET,XK",1.0,4.0,https://api.spotify.com/v1/tracks/7FM0t87KFy3ViLJW5yFxna,spotify:track:7FM0t87KFy3ViLJW5yFxna,{'isrc': 'USSM12503271'},None,None
7 Minute Drill,J. Cole,74,212213,album,12,4/5/2024,True,https://i.scdn.co/image/ab67616d0000b273b5e99d6177971707e6cd04f5,7xBRZggjZohj1fIx5qp0eC,78BPAJ8wdzG1mpx0XkWv5b,2024-05-01,,https://open.spotify.com/track/7xBRZggjZohj1fIx5qp0eC,,"AR,AU,AT,BE,BO,BR,BG,CA,CL,CO,CR,CY,CZ,DK,DO,DE,EC,EE,SV,FI,FR,GR,GT,HN,HK,HU,IS,IE,IT,LV,LT,LU,MY,MT,MX,NL,NZ,NI,NO,PA,PY,PE,PH,PL,PT,SG,SK,ES,SE,CH,TW,TR,UY,US,GB,AD,LI,MC,ID,JP,TH,VN,RO,IL,ZA,SA,AE,BH,QA,OM,KW,EG,MA,DZ,TN,LB,JO,PS,IN,BY,KZ,MD,UA,AL,BA,HR,ME,MK,RS,SI,KR,BD,PK,LK,GH,KE,NG,TZ,UG,AG,AM,BS,BB,BZ,BT,BW,BF,CV,CW,DM,FJ,GM,GE,GD,GW,GY,HT,JM,KI,LS,LR,MW,MV,ML,MH,FM,NA,NR,NE,PW,PG,PR,WS,SM,ST,SN,SC,SL,SB,KN,LC,VC,SR,TL,TO,TT,TV,VU,AZ,BN,BI,KH,CM,TD,KM,GQ,SZ,GA,GN,KG,LA,MO,MR,MN,NP,RW,TG,UZ,ZW,BJ,MG,MU,MZ,AO,CI,DJ,ZM,CD,CG,IQ,LY,TJ,VE,ET,XK",1.0,1.0,https://api.spotify.com/v1/tracks/7xBRZggjZohj1fIx5qp0eC,spotify:track:7xBRZggjZohj1fIx5qp0eC,{'isrc': 'AUBEC2437246'},None,None
One Time,Hotvibez,66,95783,single,1,3/8/2024,False,https://i.scdn.co/image/ab67616d0000b2730835d5e0648e29141233d36f,7xoUc6faLbCqZO6fQEYprd,6EVYTRG1drKdO8OnIQBeEj,2014-08-22,,https://open.spotify.com/track/7xoUc6faLbCqZO6fQEYprd,,"AR,AU,AT,BE,BO,BR,BG,CA,CL,CO,CR,CY,CZ,DK,DO,DE,EC,EE,SV,FI,GR,GT,HN,HK,HU,IS,IE,IT,LV,LT,LU,MY,MT,MX,NL,NZ,NI,NO,PA,PY,PE,PH,PL,PT,SG,SK,ES,SE,CH,TW,TR,UY,US,GB,AD,LI,MC,ID,TH,VN,RO,ZA,PS,IN,BY,KZ,MD,UA,AL,BA,HR,ME,MK,RS,SI,KR,BD,PK,LK,GH,KE,NG,TZ,UG,AG,AM,BS,BB,BZ,BT,BW,BF,CV,CW,DM,FJ,GM,GE,GD,GW,GY,HT,JM,KI,LS,LR,MW,MV,ML,MH,FM,NA,NR,NE,PW,PG,WS,SM,ST,SN,SC,SL,SB,KN,LC,VC,SR,TL,TO,TT,TV,VU,AZ,BN,BI,KH,CM,TD,KM,GQ,SZ,GA,GN,KG,LA,MO,MR,MN,NP,RW,TG,UZ,ZW,BJ,MG,MU,MZ,AO,CI,DJ,ZM,CD,CG,TJ,VE,XK",1.0,3.0,https://api.spotify.com/v1/tracks/7xoUc6faLbCqZO6fQEYprd,spotify:track:7xoUc6faLbCqZO6fQEYprd,{'isrc': 'USUM71409723'},None,None
love hotel,leftovermax,89,152380,single,1,5/3/2024,False,https://i.scdn.co/image/ab67616d0000b2731e63de6489803c2b39e7f8e5,28Lte4A9tGMOoF6Idk3GCl,1Txynz7VF8CqfMjGFEiHJp,2025-08-29,,https://open.spotify.com/track/28Lte4A9tGMOoF6Idk3GCl,,"AR,AU,AT,BE,BO,BR,BG,CA,CL,CO,CR,CY,CZ,DK,DO,DE,EC,EE,SV,FI,FR,GR,GT,HN,HK,HU,IS,IE,IT,LV,LT,LU,MY,MT,MX,NL,NZ,NI,NO,PA,PY,PE,PH,PL,PT,SG,SK,ES,SE,CH,TW,TR,UY,US,GB,AD,LI,MC,ID,JP,TH,VN,RO,IL,ZA,SA,AE,BH,QA,OM,KW,EG,MA,DZ,TN,LB,JO,PS,IN,BY,KZ,MD,UA,AL,BA,HR,ME,MK,RS,SI,KR,BD,PK,LK,GH,KE,NG,TZ,UG,AG,AM,BS,BB,BZ,BT,BW,BF,CV,CW,DM,FJ,GM,GE,GD,GW,GY,HT,JM,KI,LS,LR,MW,MV,ML,MH,FM,NA,NR,NE,PW,PG,PR,WS,SM,ST,SN,SC,SL,SB,KN,LC,VC,SR,TL,TO,TT,TV,VU,AZ,BN,BI,KH,CM,TD,KM,GQ,SZ,GA,GN,KG,LA,MO,MR,MN,NP,RW,TG,UZ,ZW,BJ,MG,MU,MZ,AO,CI,DJ,ZM,CD,CG,IQ,LY,TJ,VE,ET,XK",1.0,1.0,https://api.spotify.com/v1/tracks/28Lte4A9tGMOoF6Idk3GCl,spotify:track:28Lte4A9tGMOoF6Idk3GCl,{'isrc': 'USANG2515838'},None,None
Defying Gravity,Wicked Movie Cast & Cynthia Erivo & Ariana Grande,66,459766,album,12,11/22/2024,False,https://i.scdn.co/image/ab67616d0000b27341ded89391c5350f6b8f991c,5QMrH5nszZZR3nefIj6Mar,3JUrJP460nFIqwjxM19slT,2024-11-22,,https://open.spotify.com/track/5QMrH5nszZZR3nefIj6Mar,,"AR,AU,AT,BE,BO,BR,BG,CA,CL,CO,CR,CY,CZ,DK,DO,DE,EC,EE,SV,FI,FR,GR,GT,HN,HK,HU,IS,IE,IT,LV,LT,LU,MY,MT,MX,NL,NZ,NI,NO,PA,PY,PE,PH,PL,PT,SG,SK,ES,SE,CH,TW,TR,UY,US,GB,AD,LI,MC,ID,JP,TH,VN,RO,IL,ZA,SA,AE,BH,QA,OM,KW,EG,MA,DZ,TN,LB,JO,PS,IN,KZ,MD,UA,AL,BA,HR,ME,MK,RS,SI,KR,BD,PK,LK,GH,KE,NG,TZ,UG,AG,AM,BS,BB,BZ,BT,BW,BF,CV,CW,DM,FJ,GM,GE,GD,GW,GY,HT,JM,KI,LS,LR,MW,MV,ML,MH,FM,NA,NR,NE,PW,PG,WS,SM,ST,SN,SC,SL,SB,KN,LC,VC,SR,TL,TO,TT,TV,VU,AZ,BN,BI,KH,CM,TD,KM,GQ,SZ,GA,GN,KG,LA,MO,MR,MN,NP,RW,TG,UZ,ZW,BJ,MG,MU,MZ,AO,CI,DJ,ZM,CD,CG,IQ,LY,TJ,VE,ET,XK",1.0,11.0,https://api.spotify.com/v1/tracks/5QMrH5nszZZR3nefIj6Mar,spotify:track:5QMrH5nszZZR3nefIj6Mar,{'isrc': 'USUG12407084'},None,None
Popular,Wicked Movie Cast & Cynthia Erivo & Ariana Grande,75,241501,album,12,11/22/2024,False,https://i.scdn.co/image/ab67616d0000b27341ded89391c5350f6b8f991c,6WzRpISELf3YglGAh7TXcG,5O0zUvdnJr0RbWzLFneN2i,2023-06-02,,https://open.spotify.com/track/6WzRpISELf3YglGAh7TXcG,,"AR,AU,AT,BE,BO,BR,BG,CA,CL,CO,CR,CY,CZ,DK,DO,DE,EC,EE,SV,FI,FR,GR,GT,HN,HK,HU,IS,IE,IT,LV,LT,LU,MY,MT,MX,NL,NZ,NI,NO,PA,PY,PE,PH,PL,PT,SG,SK,ES,SE,CH,TW,TR,UY,US,GB,AD,LI,MC,ID,JP,TH,VN,RO,IL,ZA,SA,AE,BH,QA,OM,KW,EG,MA,DZ,TN,LB,JO,PS,IN,KZ,MD,UA,AL,BA,HR,ME,MK,RS,SI,KR,BD,PK,LK,GH,KE,NG,TZ,UG,AG,AM,BS,BB,BZ,BT,BW,BF,CV,CW,DM,FJ,GM,GE,GD,GW,GY,HT,JM,KI,LS,LR,MW,MV,ML,MH,FM,NA,NR,NE,PW,PG,WS,SM,ST,SN,SC,SL,SB,KN,LC,VC,SR,TL,TO,TT,TV,VU,AZ,BN,BI,KH,CM,TD,KM,GQ,SZ,GA,GN,KG,LA,MO,MR,MN,NP,RW,TG,UZ,ZW,BJ,MG,MU,MZ,AO,CI,DJ,ZM,CD,CG,IQ,LY,TJ,VE,ET,XK",1.0,1.0,https://api.spotify.com/v1/tracks/6WzRpISELf3YglGAh7TXcG,spotify:track:6WzRpISELf3YglGAh7TXcG,{'isrc': 'USUG12303876'},None,None
What Is This Feeling?,Wicked Movie Cast & Cynthia Erivo & Ariana Grande,73,228947,album,12,11/22/2024,False,https://i.scdn.co/image/ab67616d0000b27341ded89391c5350f6b8f991c,7eGuPhpdS8sBjPJNuAShUX,3JUrJP460nFIqwjxM19slT,2024-11-22,,https://open.spotify.com/track/7eGuPhpdS8sBjPJNuAShUX,,"AR,AU,AT,BE,BO,BR,BG,CA,CL,CO,CR,CY,CZ,DK,DO,DE,EC,EE,SV,FI,FR,GR,GT,HN,HK,HU,IS,IE,IT,LV,LT,LU,MY,MT,MX,NL,NZ,NI,NO,PA,PY,PE,PH,PL,PT,SG,SK,ES,SE,CH,TW,TR,UY,US,GB,AD,LI,MC,ID,JP,TH,VN,RO,IL,ZA,SA,AE,BH,QA,OM,KW,EG,MA,DZ,TN,LB,JO,PS,IN,KZ,MD,UA,AL,BA,HR,ME,MK,RS,SI,KR,BD,PK,LK,GH,KE,NG,TZ,UG,AG,AM,BS,BB,BZ,BT,BW,BF,CV,CW,DM,FJ,GM,GE,GD,GW,GY,HT,JM,KI,LS,LR,MW,MV,ML,MH,FM,NA,NR,NE,PW,PG,WS,SM,ST,SN,SC,SL,SB,KN,LC,VC,SR,TL,TO,TT,TV,VU,AZ,BN,BI,KH,CM,TD,KM,GQ,SZ,GA,GN,KG,LA,MO,MR,MN,NP,RW,TG,UZ,ZW,BJ,MG,MU,MZ,AO,CI,DJ,ZM,CD,CG,IQ,LY,TJ,VE,ET,XK",1.0,4.0,https://api.spotify.com/v1/tracks/7eGuPhpdS8sBjPJNuAShUX,spotify:track:7eGuPhpdS8sBjPJNuAShUX,{'isrc': 'USUG12407077'},None,None
Dancing Through Life,Wicked Movie Cast & Cynthia Erivo & Ariana Grande,71,587364,album,12,11/22/2024,False,https://i.scdn.co/image/ab67616d0000b27341ded89391c5350f6b8f991c,6qo8v2y2MHUSPLs7VBc6cG,3JUrJP460nFIqwjxM19slT,2024-11-22,,https://open.spotify.com/track/6qo8v2y2MHUSPLs7VBc6cG,,"AR,AU,AT,BE,BO,BR,BG,CA,CL,CO,CR,CY,CZ,DK,DO,DE,EC,EE,SV,FI,FR,GR,GT,HN,HK,HU,IS,IE,IT,LV,LT,LU,MY,MT,MX,NL,NZ,NI,NO,PA,PY,PE,PH,PL,PT,SG,SK,ES,SE,CH,TW,TR,UY,US,GB,AD,LI,MC,ID,JP,TH,VN,RO,IL,ZA,SA,AE,BH,QA,OM,KW,EG,MA,DZ,TN,LB,JO,PS,IN,KZ,MD,UA,AL,BA,HR,ME,MK,RS,SI,KR,BD,PK,LK,GH,KE,NG,TZ,UG,AG,AM,BS,BB,BZ,BT,BW,BF,CV,CW,DM,FJ,GM,GE,GD,GW,GY,HT,JM,KI,LS,LR,MW,MV,ML,MH,FM,NA,NR,NE,PW,PG,WS,SM,ST,SN,SC,SL,SB,KN,LC,VC,SR,TL,TO,TT,TV,VU,AZ,BN,BI,KH,CM,TD,KM,GQ,SZ,GA,GN,KG,LA,MO,MR,MN,NP,RW,TG,UZ,ZW,BJ,MG,MU,MZ,AO,CI,DJ,ZM,CD,CG,IQ,LY,TJ,VE,ET,XK",1.0,6.0,https://api.spotify.com/v1/tracks/6qo8v2y2MHUSPLs7VBc6cG,spotify:track:6qo8v2y2MHUSPLs7VBc6cG,{'isrc': 'USUG12407079'},None,None
Can?t Catch Me Now - from The Hunger Games: The Ballad of Songbirds & Snakes,Olivia Rodrigo & Rachel Zegler & Flatland Cavalry,34,205483,album,17,11/17/2023,False,https://i.scdn.co/image/ab67616d0000b27322ad9f1afdbeeceaf0c91686,17cia5k4BpGVlyEfqrFH50,2yHTMVFGHODKJOjVL1hLgk,2023-11-17,,https://open.spotify.com/track/17cia5k4BpGVlyEfqrFH50,,"AR,AU,AT,BE,BO,BR,BG,CA,CL,CO,CR,CY,CZ,DK,DO,DE,EC,EE,SV,FI,FR,GR,GT,HN,HK,HU,IS,IE,IT,LV,LT,LU,MY,MT,MX,NL,NZ,NI,NO,PA,PY,PE,PH,PL,PT,SG,SK,ES,SE,CH,TW,TR,UY,US,GB,AD,LI,MC,ID,JP,TH,VN,RO,IL,ZA,SA,AE,BH,QA,OM,KW,EG,MA,DZ,TN,LB,JO,PS,IN,KZ,MD,UA,AL,BA,HR,ME,MK,RS,SI,KR,BD,PK,LK,GH,KE,NG,TZ,UG,AG,AM,BS,BB,BZ,BT,BW,BF,CV,CW,DM,FJ,GM,GE,GD,GW,GY,HT,JM,KI,LS,LR,MW,MV,ML,MH,FM,NA,NR,NE,PW,PG,WS,SM,ST,SN,SC,SL,SB,KN,LC,VC,SR,TL,TO,TT,TV,VU,AZ,BN,BI,KH,CM,TD,KM,GQ,SZ,GA,GN,KG,LA,MO,MR,MN,NP,RW,TG,UZ,ZW,BJ,MG,MU,MZ,AO,CI,DJ,ZM,CD,CG,IQ,LY,TJ,VE,ET,XK",1.0,1.0,https://api.spotify.com/v1/tracks/17cia5k4BpGVlyEfqrFH50,spotify:track:17cia5k4BpGVlyEfqrFH50,{'isrc': 'USUG12307028'},None,None
Talking / Once Again,¥$ & Kanye West & Ty Dolla $ign,73,185110,single,1,2/8/2024,True,https://i.scdn.co/image/ab67616d0000b273f46fd5c5d0320b37ca8feefa,19KajOu6WplvTQLUTjoDNs,1vgedZwwOgnmEHWZ7l7txb,2024-02-10,,https://open.spotify.com/track/19KajOu6WplvTQLUTjoDNs,,"AR,AU,AT,BE,BO,BR,BG,CA,CL,CO,CR,CY,CZ,DK,DO,DE,EC,EE,SV,FI,FR,GR,GT,HN,HK,HU,IS,IE,IT,LV,LT,LU,MY,MT,MX,NL,NZ,NI,NO,PA,PY,PE,PH,PL,PT,SG,SK,ES,SE,CH,TW,TR,UY,US,GB,AD,LI,MC,ID,JP,TH,VN,RO,IL,ZA,SA,AE,BH,QA,OM,KW,EG,MA,DZ,TN,LB,JO,PS,IN,BY,KZ,MD,UA,AL,BA,HR,ME,MK,RS,SI,KR,BD,PK,LK,GH,KE,NG,TZ,UG,AG,AM,BS,BB,BZ,BT,BW,BF,CV,CW,DM,FJ,GM,GE,GD,GW,GY,HT,JM,KI,LS,LR,MW,MV,ML,MH,FM,NA,NR,NE,PW,PG,PR,WS,SM,ST,SN,SC,SL,SB,KN,LC,VC,SR,TL,TO,TT,TV,VU,AZ,BN,BI,KH,CM,TD,KM,GQ,SZ,GA,GN,KG,LA,MO,MR,MN,NP,RW,TG,UZ,ZW,BJ,MG,MU,MZ,AO,CI,DJ,ZM,CD,CG,IQ,LY,TJ,VE,ET,XK",1.0,1.0,https://api.spotify.com/v1/tracks/19KajOu6WplvTQLUTjoDNs,spotify:track:19KajOu6WplvTQLUTjoDNs,{'isrc': 'GXC3L2400202'},None,None
Wildflower and Barley (feat. Allison Russell),Hozier,40,222177,single,4,3/22/2024,False,https://i.scdn.co/image/ab67616d0000b273a5aab55aa65e5f6bd19564a2,,,,,,,,,,,,,,
Cowgirls (feat. ERNEST),Morgan Wallen,84,181621,album,36,3/3/2023,False,https://i.scdn.co/image/ab67616d0000b273705079df9a25a28b452c1fc9,,,,,,,,,,,,,,
Memphis; The Blues (feat. John Moreland),Zach Bryan,63,189880,album,19,7/4/2024,True,https://i.scdn.co/image/ab67616d0000b273647ad18a07e9e939e399e5a1,,,,,,,,,,,,,,
gloria (feat. sza),Kendrick Lamar,26,287522,album,12,11/21/2024,False,https://i.scdn.co/image/ab67616d0000b27309d6ed214f03fbb663e46531,,,,,,,,,,,,,,
Arjan Vailly,Manan Bhardwaj & Vishal Mishra & Jaani,73,182170,album,8,11/24/2023,False,https://i.scdn.co/image/ab67616d0000b2735f3ede47954a93aa03efe5f9,4ApCig0GTR4IEp7Ijsyo3r,0a183xiCHiC1GQd8ou7WXO,2023-11-24,,https://open.spotify.com/track/4ApCig0GTR4IEp7Ijsyo3r,,"AR,AU,AT,BE,BO,BR,BG,CA,CL,CO,CR,CY,CZ,DK,DO,DE,EC,EE,SV,FI,FR,GR,GT,HN,HK,HU,IS,IE,IT,LV,LT,LU,MY,MT,MX,NL,NZ,NI,NO,PA,PY,PE,PH,PL,PT,SG,SK,ES,SE,CH,TW,TR,UY,US,GB,AD,LI,MC,ID,JP,TH,VN,RO,IL,ZA,SA,AE,BH,QA,OM,KW,EG,MA,DZ,TN,LB,JO,PS,IN,BY,KZ,MD,UA,AL,BA,HR,ME,MK,RS,SI,KR,BD,PK,LK,GH,KE,NG,TZ,UG,AG,AM,BS,BB,BZ,BT,BW,BF,CV,CW,DM,FJ,GM,GE,GD,GW,GY,HT,JM,KI,LS,LR,MW,MV,ML,MH,FM,NA,NR,NE,PW,PG,PR,WS,SM,ST,SN,SC,SL,SB,KN,LC,VC,SR,TL,TO,TT,TV,VU,AZ,BN,BI,KH,CM,TD,KM,GQ,SZ,GA,GN,KG,LA,MO,MR,MN,NP,RW,TG,UZ,ZW,BJ,MG,MU,MZ,AO,CI,DJ,ZM,CD,CG,IQ,LY,TJ,VE,ET,XK",1.0,1.0,https://api.spotify.com/v1/tracks/4ApCig0GTR4IEp7Ijsyo3r,spotify:track:4ApCig0GTR4IEp7Ijsyo3r,{'isrc': 'INS182303269'},None,None
Pehle Bhi Main,Manan Bhardwaj & Vishal Mishra & Jaani,84,250158,album,8,11/24/2023,False,https://i.scdn.co/image/ab67616d0000b2735f3ede47954a93aa03efe5f9,7yDHHVKLbvDmVw1XXhDDIO,0a183xiCHiC1GQd8ou7WXO,2023-11-24,,https://open.spotify.com/track/7yDHHVKLbvDmVw1XXhDDIO,,"AR,AU,AT,BE,BO,BR,BG,CA,CL,CO,CR,CY,CZ,DK,DO,DE,EC,EE,SV,FI,FR,GR,GT,HN,HK,HU,IS,IE,IT,LV,LT,LU,MY,MT,MX,NL,NZ,NI,NO,PA,PY,PE,PH,PL,PT,SG,SK,ES,SE,CH,TW,TR,UY,US,GB,AD,LI,MC,ID,JP,TH,VN,RO,IL,ZA,SA,AE,BH,QA,OM,KW,EG,MA,DZ,TN,LB,JO,PS,IN,BY,KZ,MD,UA,AL,BA,HR,ME,MK,RS,SI,KR,BD,PK,LK,GH,KE,NG,TZ,UG,AG,AM,BS,BB,BZ,BT,BW,BF,CV,CW,DM,FJ,GM,GE,GD,GW,GY,HT,JM,KI,LS,LR,MW,MV,ML,MH,FM,NA,NR,NE,PW,PG,PR,WS,SM,ST,SN,SC,SL,SB,KN,LC,VC,SR,TL,TO,TT,TV,VU,AZ,BN,BI,KH,CM,TD,KM,GQ,SZ,GA,GN,KG,LA,MO,MR,MN,NP,RW,TG,UZ,ZW,BJ,MG,MU,MZ,AO,CI,DJ,ZM,CD,CG,IQ,LY,TJ,VE,ET,XK",1.0,5.0,https://api.spotify.com/v1/tracks/7yDHHVKLbvDmVw1XXhDDIO,spotify:track:7yDHHVKLbvDmVw1XXhDDIO,{'isrc': 'INS182303389'},None,None
MTG QUEM NÃ?O QUER SOU EU,Various Artists,83,123692,single,1,5/10/2024,False,https://i.scdn.co/image/ab67616d0000b273873dd9224b54e0a92887c95c,6RjSXi9cPGroetXeNsWFGL,4sLNpzARYcLX5BIGLOvgNC,2024-05-10,,https://open.spotify.com/track/6RjSXi9cPGroetXeNsWFGL,,"AR,AU,AT,BE,BO,BR,BG,CA,CL,CO,CR,CY,CZ,DK,DO,DE,EC,EE,SV,FI,FR,GR,GT,HN,HK,HU,IS,IE,IT,LV,LT,LU,MY,MT,MX,NL,NZ,NI,NO,PA,PY,PE,PH,PL,PT,SG,SK,ES,SE,CH,TW,TR,UY,US,GB,AD,LI,MC,ID,JP,TH,VN,RO,IL,ZA,SA,AE,BH,QA,OM,KW,EG,MA,DZ,TN,LB,JO,PS,IN,BY,KZ,MD,UA,AL,BA,HR,ME,MK,RS,SI,KR,BD,PK,LK,GH,KE,NG,TZ,UG,AG,AM,BS,BB,BZ,BT,BW,BF,CV,CW,DM,FJ,GM,GE,GD,GW,GY,HT,JM,KI,LS,LR,MW,MV,ML,MH,FM,NA,NR,NE,PW,PG,PR,WS,SM,ST,SN,SC,SL,SB,KN,LC,VC,SR,TL,TO,TT,TV,VU,AZ,BN,BI,KH,CM,TD,KM,GQ,SZ,GA,GN,KG,LA,MO,MR,MN,NP,RW,TG,UZ,ZW,BJ,MG,MU,MZ,AO,CI,DJ,ZM,CD,CG,IQ,LY,TJ,VE,ET,XK",1.0,1.0,https://api.spotify.com/v1/tracks/6RjSXi9cPGroetXeNsWFGL,spotify:track:6RjSXi9cPGroetXeNsWFGL,{'isrc': 'BXIV82456543'},None,None
